"Site","SampleDate","Anpa","Coto","Epfu","Euma","Laci","Lano","Myca","Myci","Myev","Mylu","Myth","Myvo","Myyu","Lat","Lon","MoonPct"
"12PM",2016-07-08,0,0,0,0,6,41,0,0,2,7,0,0,0,43.89246,-110.61159,0.144088741723217
"12PM",2016-07-09,0,0,0,0,23,1,0,0,0,26,0,1,0,43.89246,-110.61159,0.226272095646632
"12PM",2016-07-10,0,0,0,0,1,0,0,0,0,1,0,0,0,43.89246,-110.61159,0.320800577125442
"12PM",2016-07-11,0,0,0,0,1,0,0,0,0,0,0,0,0,43.89246,-110.61159,0.423410951966355
"12PM",2016-07-12,0,0,1,0,9,0,0,0,0,0,0,0,0,43.89246,-110.61159,0.52947549261319
"12PM",2016-07-13,0,0,0,0,1,0,0,0,0,2,0,0,0,43.89246,-110.61159,0.634210688643416
"4FD1",2016-07-30,0,0,3,0,26,30,0,0,3,83,0,3,0,43.66676,-110.70655,0.160195565944961
"4FD1",2016-07-31,0,0,13,0,26,22,0,0,7,79,0,1,0,43.66676,-110.70655,0.0904047816093529
"4FD1",2016-08-01,0,0,1,0,1,6,0,1,2,38,0,3,0,43.66676,-110.70655,0.0390867402300747
"4FD1",2016-08-02,0,0,3,0,35,11,0,0,5,60,0,2,0,43.66676,-110.70655,0.00855588529886608
"4FD1",2016-08-03,0,0,0,0,0,6,0,0,1,23,0,1,0,43.66676,-110.70655,0.000189158269287448
"4FD1",2016-08-04,1,0,2,0,0,6,0,0,6,26,0,3,1,43.66676,-110.70655,0.0143638985019038
"AMCC",2016-08-16,0,0,1,0,21,14,0,0,0,83,0,1,0,43.95345,-110.64344,0.970012696207988
"AMCC",2016-08-17,0,0,2,0,17,7,0,0,2,113,0,0,0,43.95345,-110.64344,0.995428911735281
"AMCC",2016-08-18,0,0,2,0,15,4,0,0,0,31,0,0,0,43.95345,-110.64344,0.998501285028284
"AMCC",2016-08-19,0,0,3,0,1,4,0,0,5,91,0,1,2,43.95345,-110.64344,0.979091252061901
"AMCC",2016-08-20,0,0,5,0,3,7,0,0,7,92,0,1,0,43.95345,-110.64344,0.938074205256947
"AMCC",2016-08-21,0,0,5,0,9,5,0,0,2,126,0,1,0,43.95345,-110.64344,0.877300013284757
"AMCC",2017-07-04,0,0,0,0,0,1,0,0,7,66,0,6,0,43.95345,-110.64344,0.790188314081712
"AMCC",2017-07-05,0,0,1,0,4,2,0,0,3,252,0,9,1,43.95345,-110.64344,0.869626292446113
"AMCC",2017-07-06,0,0,0,0,2,5,1,0,4,103,0,3,0,43.95345,-110.64344,0.932394126278284
"AMCC",2017-07-07,0,0,0,0,3,2,0,0,5,65,0,8,0,43.95345,-110.64344,0.975660986485839
"AMCC",2017-07-08,0,0,3,0,3,0,0,0,5,143,0,1,0,43.95345,-110.64344,0.997475537820637
"AMCC",2017-07-09,0,0,3,0,8,3,0,0,5,134,0,6,0,43.95345,-110.64344,0.996853944091626
"AMCC",2017-07-10,0,0,3,0,4,1,2,0,4,122,0,3,0,43.95345,-110.64344,0.973824239173899
"AMCC",2017-07-11,0,0,1,0,2,0,0,0,2,50,0,1,0,43.95345,-110.64344,0.929425062680882
"AMCC",2017-07-12,0,0,2,0,1,1,0,0,2,69,0,4,0,43.95345,-110.64344,0.865658817321422
"AMCC",2017-07-13,0,0,0,0,0,2,0,0,4,88,0,3,0,43.95345,-110.64344,0.785401360544435
"AMCC",2017-07-14,0,0,0,0,6,6,0,0,1,75,0,1,0,43.95345,-110.64344,0.692272303377476
"AMCC",2017-07-15,0,0,1,0,11,5,0,0,2,145,0,6,0,43.95345,-110.64344,0.590471765982105
"AMCC",2017-07-16,0,0,0,0,1,2,0,0,5,62,0,1,0,43.95345,-110.64344,0.484590952248723
"AMCC",2017-07-17,0,0,3,0,3,1,0,0,2,64,0,5,0,43.95345,-110.64344,0.37940508651643
"AMCC",2017-08-01,0,0,18,0,10,15,0,0,1,423,0,0,0,43.95345,-110.64344,0.64466636955933
"AMCC",2017-08-02,0,0,9,0,16,8,0,0,2,243,0,1,0,43.95345,-110.64344,0.742471678852519
"AMCC",2017-08-03,0,0,8,0,34,3,0,0,0,105,0,0,0,43.95345,-110.64344,0.829341516254186
"AMCC",2017-08-04,0,0,4,0,18,6,0,0,2,116,0,0,0,43.95345,-110.64344,0.901358052392871
"AMCC",2017-08-05,0,0,9,0,33,4,0,0,1,93,0,0,0,43.95345,-110.64344,0.955273341733609
"AMCC",2017-08-06,0,0,7,0,20,1,0,0,1,309,0,1,0,43.95345,-110.64344,0.988655804910587
"AMCC",2017-08-07,0,0,5,0,114,4,0,0,10,65,0,0,0,43.95345,-110.64344,0.999999892948004
"AMCC",2017-08-08,0,0,0,0,103,6,0,0,1,17,0,0,1,43.95345,-110.64344,0.98879398751397
"AMCC",2017-08-09,0,0,1,0,134,0,0,0,1,36,1,0,0,43.95345,-110.64344,0.955543474905433
"AMCC",2017-08-10,0,0,3,0,108,2,0,0,3,64,1,0,0,43.95345,-110.64344,0.901747953128005
"AMCC",2017-08-11,0,0,0,0,267,8,0,0,3,46,1,0,0,43.95345,-110.64344,0.829833600030802
"AMCC",2017-08-12,0,0,2,0,259,6,0,0,2,105,0,0,0,43.95345,-110.64344,0.743043752693965
"AMCC",2017-08-13,0,0,2,0,328,11,0,0,5,57,0,3,0,43.95345,-110.64344,0.645292632937301
"AMCC",2017-08-14,0,0,0,0,222,0,0,0,1,18,0,0,0,43.95345,-110.64344,0.540988815929224
"AMK1",2016-06-11,0,0,0,0,0,0,0,0,1,21,0,0,0,43.939382,-110.643063,0.374525969910421
"AMK1",2016-06-12,0,0,0,0,0,1,0,0,0,10,0,0,0,43.939382,-110.643063,0.479560286650124
"AMK1",2016-06-13,0,0,1,0,0,0,0,0,0,10,0,2,0,43.939382,-110.643063,0.585516434392303
"AMK1",2016-06-14,0,0,0,0,0,0,0,0,0,7,0,4,2,43.939382,-110.643063,0.687615791234318
"AMK1",2016-06-15,0,0,2,0,0,4,0,0,1,31,0,1,0,43.939382,-110.643063,0.781253676529741
"AMK1",2016-06-16,0,0,1,0,1,0,0,0,0,4,0,0,0,43.939382,-110.643063,0.862207021970148
"AMK1",2016-06-17,0,0,1,0,2,0,0,0,0,15,0,1,0,43.939382,-110.643063,0.926824831951632
"AMK1",2016-06-18,0,0,1,0,0,0,0,0,0,19,0,0,0,43.939382,-110.643063,0.972192843463688
"AMK1",2016-06-19,0,0,1,0,0,0,0,0,1,2,0,1,0,43.939382,-110.643063,0.996264959341494
"AMK1",2016-06-20,0,0,0,0,0,1,0,0,0,17,0,1,1,43.939382,-110.643063,0.997955527240783
"AMK1",2016-06-21,0,0,1,0,0,0,0,0,0,20,0,0,0,43.939382,-110.643063,0.977188302555073
"AMK1",2016-08-12,0,0,4,0,3,4,0,0,1,69,0,1,0,43.939382,-110.643063,0.681567274767391
"AMK1",2016-08-13,0,0,1,0,1,17,0,0,1,41,0,0,3,43.939382,-110.643063,0.775848947565149
"AMK1",2016-08-14,0,0,1,0,3,10,0,0,1,64,0,0,1,43.939382,-110.643063,0.857689833765812
"AMK1",2016-08-15,0,0,2,0,1,10,0,0,0,58,0,0,1,43.939382,-110.643063,0.923398909680204
"AMK1",2016-08-16,0,0,0,0,2,2,0,1,1,44,0,1,0,43.939382,-110.643063,0.970012696207988
"AMK1",2016-08-17,0,0,2,0,4,9,1,0,0,59,0,1,1,43.939382,-110.643063,0.995428911735281
"AMK1",2017-07-04,0,0,0,0,0,2,0,0,1,47,0,3,3,43.939382,-110.643063,0.790188314081712
"AMK1",2017-07-05,0,0,0,0,2,2,0,0,2,83,0,3,0,43.939382,-110.643063,0.869626292446113
"AMK1",2017-07-06,0,0,0,0,3,0,1,0,4,66,0,3,1,43.939382,-110.643063,0.932394126278284
"AMK1",2017-07-07,0,0,0,0,3,0,0,0,4,70,0,4,0,43.939382,-110.643063,0.975660986485839
"AMK1",2017-07-08,0,0,0,0,1,1,0,0,3,102,0,3,0,43.939382,-110.643063,0.997475537820637
"AMK1",2017-07-09,0,0,3,0,1,0,0,0,3,123,0,4,0,43.939382,-110.643063,0.996853944091626
"AMK1",2017-07-10,0,0,0,0,4,6,0,0,5,110,0,2,0,43.939382,-110.643063,0.973824239173899
"AMK1",2017-07-11,0,0,0,0,2,3,0,0,0,54,0,0,0,43.939382,-110.643063,0.929425062680882
"AMK1",2017-07-12,0,0,0,0,0,0,0,0,0,66,0,5,0,43.939382,-110.643063,0.865658817321422
"AMK1",2017-07-13,0,0,0,0,3,2,0,0,1,111,0,2,0,43.939382,-110.643063,0.785401360544435
"AMK1",2017-07-14,0,0,0,0,2,1,0,0,3,104,0,1,0,43.939382,-110.643063,0.692272303377476
"AMK1",2017-07-15,0,0,0,0,13,0,0,0,1,93,0,1,0,43.939382,-110.643063,0.590471765982105
"AMK1",2017-07-16,0,0,1,0,2,0,0,0,0,50,0,3,0,43.939382,-110.643063,0.484590952248723
"AMK1",2017-07-17,0,0,0,0,2,1,0,0,3,61,0,2,0,43.939382,-110.643063,0.37940508651643
"AMK1",2017-08-14,0,0,0,0,0,0,0,0,0,1,0,0,0,43.939382,-110.643063,0.540988815929224
"AMK1",2017-08-15,0,0,6,0,7,0,0,1,7,54,0,4,2,43.939382,-110.643063,0.43483640346214
"AMK1",2017-08-16,0,0,1,0,10,4,0,0,10,54,0,2,0,43.939382,-110.643063,0.331622868977378
"AMK1",2017-08-17,1,0,8,0,11,1,2,0,7,28,0,3,0,43.939382,-110.643063,0.236003142529002
"AMK1",2017-08-18,0,0,2,0,4,4,0,1,3,38,0,5,0,43.939382,-110.643063,0.152289673454721
"AMK1",2017-08-19,0,0,0,0,9,2,0,0,9,41,0,6,0,43.939382,-110.643063,0.0842579389251281
"AMK1",2017-08-20,0,0,0,0,6,4,0,0,1,32,0,2,2,43.939382,-110.643063,0.0349761699360197
"AMK1",2017-08-21,0,0,2,0,4,0,1,0,11,30,0,7,0,43.939382,-110.643063,0.00666697410126282
"BAR1",2016-07-11,0,0,1,0,2,0,0,0,0,7,0,0,0,43.6378,-110.75897,0.423410951966355
"BAR1",2016-07-12,0,0,0,0,3,5,0,0,7,190,0,3,0,43.6378,-110.75897,0.52947549261319
"BAR1",2016-07-13,0,0,1,0,2,0,0,0,23,30,0,2,0,43.6378,-110.75897,0.634210688643416
"BAR1",2016-07-14,0,0,0,0,3,2,0,0,2,55,0,0,0,43.6378,-110.75897,0.732892983072193
"BAR1",2016-07-15,0,0,4,0,7,11,0,0,8,93,0,2,0,43.6378,-110.75897,0.821071804756562
"BAR1",2016-07-16,0,0,0,0,6,7,0,0,5,113,0,2,0,43.6378,-110.75897,0.894770289138367
"BAR1",2016-07-17,0,0,1,0,5,2,0,0,16,45,0,0,0,43.6378,-110.75897,0.950664634822597
"BAR1",2017-06-23,0,0,5,0,2,474,0,0,11,7,0,0,0,43.6378,-110.75897,0.00564951237253664
"BAR1",2017-06-24,0,0,14,0,7,656,0,1,17,9,0,6,0,43.6378,-110.75897,0.000970018901957415
"BAR1",2017-06-25,0,0,6,0,1,613,0,0,10,18,0,1,0,43.6378,-110.75897,0.0187967758817119
"BAR1",2017-06-26,0,0,26,0,9,439,0,0,22,49,0,9,1,43.6378,-110.75897,0.0583257966325996
"BAR1",2017-06-27,0,0,1,0,6,1009,0,0,7,14,0,3,0,43.6378,-110.75897,0.117774322453259
"BAR1",2017-06-28,0,0,0,0,2,560,0,0,6,4,0,0,0,43.6378,-110.75897,0.194461225031336
"BAR1",2017-06-29,0,0,2,0,0,301,0,0,2,0,0,3,0,43.6378,-110.75897,0.284927925321291
"BAR1",2017-06-30,0,0,2,0,0,467,0,0,11,8,0,2,0,43.6378,-110.75897,0.385094375447871
"BAR1",2017-07-21,0,0,1,0,1,7,0,0,2,5,0,0,0,43.6378,-110.75897,0.0556122731781855
"BAR1",2017-07-22,0,0,6,0,5,8,0,0,7,14,0,2,0,43.6378,-110.75897,0.017239774682107
"BAR1",2017-07-23,0,0,3,0,11,11,0,0,6,12,0,2,0,43.6378,-110.75897,0.000639760706010573
"BAR1",2017-07-24,0,0,17,0,5,41,0,0,8,81,0,5,0,43.6378,-110.75897,0.00656089182374736
"BAR1",2017-07-25,0,0,3,0,3,45,0,0,2,25,0,4,0,43.6378,-110.75897,0.034736125042055
"BAR1",2017-07-26,0,0,6,0,7,37,0,0,11,45,0,1,0,43.6378,-110.75897,0.0838947574386156
"BAR1",2017-07-27,0,0,2,0,4,45,0,0,2,16,0,2,0,43.6378,-110.75897,0.151819734859467
"BAR1",2017-07-28,0,0,11,0,10,22,0,0,4,69,0,1,0,43.6378,-110.75897,0.235447641054055
"BAR1",2017-07-29,0,0,4,0,12,31,0,0,4,54,0,3,1,43.6378,-110.75897,0.331006857737369
"BAR1",2017-07-30,0,0,0,3,2,26,0,0,5,42,0,1,0,43.6378,-110.75897,0.434187664561897
"BAR1",2017-07-31,0,0,6,0,1,36,0,0,5,95,0,0,1,43.6378,-110.75897,0.540336607490942
"BAR1",2017-08-01,0,0,1,0,2,23,0,0,7,59,0,2,0,43.6378,-110.75897,0.64466636955933
"BAR1",2017-08-02,0,0,3,0,7,21,0,0,7,167,0,3,1,43.6378,-110.75897,0.742471678852519
"BAR1",2017-08-03,0,0,1,0,3,23,0,0,5,69,0,1,0,43.6378,-110.75897,0.829341516254186
"BBC1",2016-07-27,0,0,0,0,4,0,0,0,5,14,0,0,0,43.6953,-110.72944,0.445646034459173
"BBC1",2016-07-28,0,0,0,0,2,2,0,0,6,8,0,0,0,43.6953,-110.72944,0.341913941428076
"BBC1",2016-07-29,0,0,1,0,3,1,0,0,0,7,0,2,0,43.6953,-110.72944,0.245311529100837
"BBC1",2016-07-30,0,0,0,0,10,4,1,0,5,5,0,1,1,43.6953,-110.72944,0.160195565944961
"BBC1",2016-07-31,0,0,2,0,3,4,0,0,2,11,0,0,0,43.6953,-110.72944,0.0904047816093529
"BBC1",2016-08-01,0,0,1,0,1,1,0,0,1,5,0,0,0,43.6953,-110.72944,0.0390867402300747
"BBC1",2017-06-23,0,0,1,0,0,0,0,0,0,10,0,0,1,43.6953,-110.72944,0.00564951237253664
"BBC1",2017-06-24,0,0,1,0,0,1,0,0,2,7,0,0,0,43.6953,-110.72944,0.000970018901957415
"BBC1",2017-06-25,0,0,3,0,1,3,0,0,2,6,0,2,0,43.6953,-110.72944,0.0187967758817119
"BBC1",2017-06-26,0,1,0,0,3,4,3,0,8,16,0,7,0,43.6953,-110.72944,0.0583257966325996
"BBC1",2017-06-27,0,1,0,4,1,0,0,0,0,9,0,1,0,43.6953,-110.72944,0.117774322453259
"BBC1",2017-06-28,0,0,0,0,0,4,0,0,0,6,0,1,0,43.6953,-110.72944,0.194461225031336
"BBC1",2017-06-29,0,0,0,1,0,1,0,0,1,3,0,1,0,43.6953,-110.72944,0.284927925321291
"BBC1",2017-06-30,0,0,0,0,1,0,0,0,0,6,0,0,0,43.6953,-110.72944,0.385094375447871
"BBC1",2017-07-01,0,0,1,0,0,1,0,0,4,9,0,2,0,43.6953,-110.72944,0.490443068850961
"BBC1",2017-07-02,0,0,0,0,2,0,0,0,5,6,1,4,0,43.6953,-110.72944,0.596222779816282
"BBC1",2017-07-03,0,0,0,0,5,1,0,0,3,18,0,3,0,43.6953,-110.72944,0.69766284373923
"BBC1",2017-07-04,0,0,0,0,1,1,0,1,1,4,0,1,0,43.6953,-110.72944,0.790188314081712
"BBC1",2017-07-05,0,0,8,0,2,1,0,1,5,13,0,2,0,43.6953,-110.72944,0.869626292446113
"BBC1",2017-07-06,0,0,0,0,3,3,0,0,3,1,0,1,0,43.6953,-110.72944,0.932394126278284
"BBC1",2017-07-21,0,0,0,0,1,0,0,0,0,1,0,1,0,43.6953,-110.72944,0.0556122731781855
"BBC1",2017-07-22,0,0,0,0,1,1,0,0,1,1,0,0,0,43.6953,-110.72944,0.017239774682107
"BBC1",2017-07-23,0,0,0,0,1,0,0,0,2,3,0,0,1,43.6953,-110.72944,0.000639760706010573
"BBC1",2017-07-24,0,1,5,0,6,1,0,1,3,10,0,3,0,43.6953,-110.72944,0.00656089182374736
"BBC1",2017-07-25,0,0,1,0,2,2,0,0,4,8,0,0,0,43.6953,-110.72944,0.034736125042055
"BBC1",2017-07-26,0,1,2,0,7,2,0,0,4,8,0,2,0,43.6953,-110.72944,0.0838947574386156
"BBC1",2017-07-27,0,0,0,1,2,3,0,0,3,6,0,1,1,43.6953,-110.72944,0.151819734859467
"BBC1",2017-07-28,0,0,1,0,7,0,0,0,1,4,0,6,1,43.6953,-110.72944,0.235447641054055
"BBC1",2017-07-29,0,0,1,0,2,3,0,0,4,1,0,2,0,43.6953,-110.72944,0.331006857737369
"BBC1",2017-07-30,0,0,2,0,5,2,0,0,4,4,0,0,1,43.6953,-110.72944,0.434187664561897
"BBC1",2017-07-31,0,0,0,0,4,1,1,0,1,22,0,0,1,43.6953,-110.72944,0.540336607490942
"BBC1",2017-08-01,0,0,0,0,1,3,0,0,2,16,0,2,0,43.6953,-110.72944,0.64466636955933
"BBC1",2017-08-02,0,0,1,0,8,2,1,1,3,5,0,1,1,43.6953,-110.72944,0.742471678852519
"BBC1",2017-08-03,0,0,1,0,5,0,0,0,1,9,0,2,0,43.6953,-110.72944,0.829341516254186
"BBCF",2016-08-31,0,0,0,0,0,2,0,1,12,14,0,2,0,43.69792,-110.70966,0.0220597433593662
"BBCF",2016-09-01,0,0,1,0,2,1,0,0,6,0,0,0,0,43.69792,-110.70966,0.00182153712651462
"BBCF",2016-09-02,0,0,0,0,0,1,0,0,5,1,0,0,0,43.69792,-110.70966,0.00405117787496523
"BBCF",2016-09-03,0,0,0,0,2,2,0,0,7,2,0,1,0,43.69792,-110.70966,0.0286481088145161
"BBCF",2016-09-04,0,0,0,0,4,1,0,0,0,1,0,0,0,43.69792,-110.70966,0.074503008443488
"BBCF",2016-09-05,0,0,0,0,7,0,0,0,1,0,0,0,0,43.69792,-110.70966,0.139547820944554
"BBCF",2017-06-21,0,0,1,0,0,1,0,0,0,2,0,3,0,43.69792,-110.70966,0.0806775564225262
"BBCF",2017-06-22,0,0,1,0,1,0,0,0,0,1,0,0,0,43.69792,-110.70966,0.0326242111538096
"BBCF",2017-06-23,0,0,0,0,0,0,0,0,1,3,0,0,0,43.69792,-110.70966,0.00564951237253664
"BBCF",2017-06-24,0,0,0,0,0,0,0,0,1,1,0,0,0,43.69792,-110.70966,0.000970018901957415
"BBCF",2017-06-25,0,0,0,0,1,0,0,0,1,0,0,1,0,43.69792,-110.70966,0.0187967758817119
"BBCF",2017-06-26,0,0,0,0,1,1,0,0,2,3,0,1,1,43.69792,-110.70966,0.0583257966325996
"BBCF",2017-06-27,0,0,0,0,0,0,0,0,1,1,0,1,0,43.69792,-110.70966,0.117774322453259
"BBCF",2017-06-28,0,0,0,0,0,0,0,0,2,0,0,0,0,43.69792,-110.70966,0.194461225031336
"BBCF",2017-06-30,0,0,0,0,0,2,0,0,2,1,0,0,0,43.69792,-110.70966,0.385094375447871
"BBCF",2017-07-01,0,0,0,0,1,0,0,0,5,2,0,2,0,43.69792,-110.70966,0.490443068850961
"BBCF",2017-07-02,0,0,0,0,0,0,0,0,3,0,0,1,0,43.69792,-110.70966,0.596222779816282
"BBCF",2017-07-03,0,0,0,0,0,2,0,0,2,1,0,1,0,43.69792,-110.70966,0.69766284373923
"BBCF",2017-07-04,0,0,1,0,1,0,0,0,0,1,0,0,0,43.69792,-110.70966,0.790188314081712
"BC4F",2016-07-31,0,0,1,0,6,2,0,0,1,18,0,0,0,43.71526,-110.67044,0.0904047816093529
"BC4F",2016-08-01,0,0,0,0,3,1,0,0,1,10,0,0,0,43.71526,-110.67044,0.0390867402300747
"BC4F",2016-08-02,0,0,0,0,7,0,0,0,9,21,0,0,0,43.71526,-110.67044,0.00855588529886608
"BC4F",2016-08-03,0,0,0,0,6,1,0,0,3,6,0,0,0,43.71526,-110.67044,0.000189158269287448
"BC4F",2016-08-04,0,0,0,0,2,0,0,0,2,13,0,0,0,43.71526,-110.67044,0.0143638985019038
"BC4F",2016-08-05,0,0,0,0,3,4,0,0,13,21,0,2,0,43.71526,-110.67044,0.0504408252604484
"BC4F",2017-07-06,0,0,0,0,14,7,0,0,1,18,0,1,0,43.71526,-110.67044,0.932394126278284
"BC4F",2017-07-07,0,0,0,0,10,3,0,0,0,10,0,0,0,43.71526,-110.67044,0.975660986485839
"BC4F",2017-07-08,0,0,0,0,14,10,0,0,0,28,0,2,0,43.71526,-110.67044,0.997475537820637
"BC4F",2017-07-09,0,0,4,0,27,4,0,0,0,11,0,0,0,43.71526,-110.67044,0.996853944091626
"BC4F",2017-07-10,0,0,0,0,12,7,0,0,0,7,0,1,0,43.71526,-110.67044,0.973824239173899
"BC4F",2017-07-11,0,0,2,0,18,11,0,0,1,9,0,1,0,43.71526,-110.67044,0.929425062680882
"BC4F",2017-07-12,0,0,0,0,7,3,0,0,0,12,0,3,0,43.71526,-110.67044,0.865658817321422
"BC4F",2017-07-13,1,0,0,0,14,5,0,0,1,9,0,0,0,43.71526,-110.67044,0.785401360544435
"BC4F",2017-07-14,0,0,0,0,24,2,0,0,0,34,0,0,0,43.71526,-110.67044,0.692272303377476
"BC4F",2017-07-15,0,0,1,0,27,5,0,0,1,12,0,0,0,43.71526,-110.67044,0.590471765982105
"BC4F",2017-07-16,0,0,1,0,13,5,0,0,1,9,0,0,0,43.71526,-110.67044,0.484590952248723
"BC4F",2017-07-17,0,0,2,0,13,4,0,0,1,10,0,0,0,43.71526,-110.67044,0.37940508651643
"BC4F",2017-07-18,0,0,0,0,19,7,0,0,1,2,0,0,0,43.71526,-110.67044,0.279658050972106
"BC4F",2017-07-19,0,0,0,0,4,1,0,0,0,5,0,1,0,43.71526,-110.67044,0.189848436579632
"BC4F",2017-08-03,0,0,0,0,4,1,0,0,0,6,0,0,0,43.71526,-110.67044,0.829341516254186
"BC4F",2017-08-04,0,0,0,0,18,1,0,0,2,19,0,0,0,43.71526,-110.67044,0.901358052392871
"BC4F",2017-08-05,0,0,1,0,9,2,0,0,5,96,0,0,0,43.71526,-110.67044,0.955273341733609
"BC4F",2017-08-06,0,0,0,0,3,6,0,1,1,21,0,0,0,43.71526,-110.67044,0.988655804910587
"BC4F",2017-08-07,0,0,0,0,27,3,0,0,0,9,0,0,0,43.71526,-110.67044,0.999999892948004
"BC4F",2017-08-08,0,0,0,0,45,2,0,0,0,4,0,0,0,43.71526,-110.67044,0.98879398751397
"BC4F",2017-08-09,0,0,0,0,52,1,0,0,1,5,0,0,0,43.71526,-110.67044,0.955543474905433
"BC4F",2017-08-10,0,0,0,0,18,2,0,0,3,5,0,1,0,43.71526,-110.67044,0.901747953128005
"BC4F",2017-08-11,0,0,0,0,6,1,0,0,5,27,0,0,0,43.71526,-110.67044,0.829833600030802
"BC4F",2017-08-12,0,0,0,0,5,1,0,0,5,21,0,0,0,43.71526,-110.67044,0.743043752693965
"BC4F",2017-08-13,0,0,1,0,24,4,0,0,4,37,0,0,0,43.71526,-110.67044,0.645292632937301
"BC4F",2017-08-14,0,0,1,0,81,1,0,0,4,7,0,0,0,43.71526,-110.67044,0.540988815929224
"BC4F",2017-08-15,0,0,0,0,8,0,0,0,3,4,0,0,0,43.71526,-110.67044,0.43483640346214
"BC4F",2017-08-16,0,0,1,0,10,6,0,0,4,29,0,0,0,43.71526,-110.67044,0.331622868977378
"BCB2",2016-07-26,0,0,5,0,6,11,0,0,5,17,0,3,0,43.68932,-110.73632,0.55182949115139
"BCB2",2016-07-27,0,0,8,0,7,7,0,0,5,21,1,2,0,43.68932,-110.73632,0.445646034459173
"BCB2",2016-07-28,0,0,4,0,2,9,0,0,0,8,0,0,0,43.68932,-110.73632,0.341913941428076
"BCB2",2016-07-29,0,0,1,0,5,8,0,0,3,9,0,0,1,43.68932,-110.73632,0.245311529100837
"BCB2",2016-07-30,0,0,5,0,21,6,0,0,5,29,0,5,0,43.68932,-110.73632,0.160195565944961
"BCB2",2016-07-31,0,0,8,0,37,14,0,1,7,40,0,6,0,43.68932,-110.73632,0.0904047816093529
"BCB2",2016-08-01,0,0,0,0,6,24,0,0,0,12,0,0,0,43.68932,-110.73632,0.0390867402300747
"BCB3",2016-08-17,1,0,39,0,1,4,0,0,5,18,0,5,0,43.68722,-110.73857,0.995428911735281
"BCB3",2016-08-18,0,0,23,1,12,14,0,0,4,12,0,1,0,43.68722,-110.73857,0.998501285028284
"BCD1",2016-08-05,0,0,1,0,8,13,0,0,2,47,0,2,0,43.68774,-110.73414,0.0504408252604484
"BCD1",2016-08-06,0,0,0,0,2,2,0,0,1,3,0,1,0,43.68774,-110.73414,0.106792869270753
"BCD1",2016-08-07,0,0,0,0,17,5,0,0,0,6,0,0,0,43.68774,-110.73414,0.180878553539698
"BCD1",2016-08-08,0,0,0,0,6,20,0,0,2,9,0,0,0,43.68774,-110.73414,0.269356613958679
"BCD1",2016-08-09,0,0,0,0,15,12,0,0,1,18,0,3,0,43.68774,-110.73414,0.368236690303625
"BCD1",2016-08-10,0,0,0,0,0,3,0,0,1,7,0,0,0,43.68774,-110.73414,0.473059291467833
"BCHC",2016-08-12,0,0,0,0,2,3,1,0,9,133,0,0,1,43.73271,-110.73144,0.681567274767391
"BCHC",2016-08-13,0,0,0,0,0,5,0,0,24,84,0,3,0,43.73271,-110.73144,0.775848947565149
"BCHC",2016-08-14,0,0,1,0,0,1,0,0,23,167,0,7,2,43.73271,-110.73144,0.857689833765812
"BCHC",2016-08-15,0,0,2,0,9,1,0,0,21,175,0,2,0,43.73271,-110.73144,0.923398909680204
"BCHC",2016-08-16,0,0,0,0,7,0,0,0,3,198,1,1,0,43.73271,-110.73144,0.970012696207988
"BCHC",2016-08-17,0,0,2,0,3,4,0,0,6,175,0,2,0,43.73271,-110.73144,0.995428911735281
"BCHC",2017-06-21,0,0,2,0,10,4,0,0,2,16,0,1,0,43.73271,-110.73144,0.0806775564225262
"BCHC",2017-06-22,0,0,3,0,1,4,0,0,9,39,0,2,0,43.73271,-110.73144,0.0326242111538096
"BCHC",2017-06-23,0,0,0,0,2,1,0,0,0,2,0,1,0,43.73271,-110.73144,0.00564951237253664
"BCHC",2017-06-24,0,0,0,0,3,0,0,0,2,5,0,0,0,43.73271,-110.73144,0.000970018901957415
"BCHC",2017-06-25,0,0,0,0,2,0,0,0,1,4,0,0,0,43.73271,-110.73144,0.0187967758817119
"BCHC",2017-06-26,0,0,1,0,17,2,0,0,4,152,0,4,2,43.73271,-110.73144,0.0583257966325996
"BCHC",2017-06-27,0,0,0,0,3,3,0,0,3,16,0,1,0,43.73271,-110.73144,0.117774322453259
"BCHC",2017-06-28,0,0,0,0,2,1,0,0,1,6,0,0,0,43.73271,-110.73144,0.194461225031336
"BCHC",2017-06-29,0,0,0,0,0,0,0,0,0,1,0,0,0,43.73271,-110.73144,0.284927925321291
"BCHC",2017-06-30,0,0,0,0,3,2,0,0,2,3,0,0,0,43.73271,-110.73144,0.385094375447871
"BCHC",2017-07-01,0,0,0,0,3,2,0,0,5,10,0,1,0,43.73271,-110.73144,0.490443068850961
"BCHC",2017-07-02,0,0,0,0,3,0,0,0,0,14,0,2,0,43.73271,-110.73144,0.596222779816282
"BCHC",2017-07-03,0,0,0,0,8,6,0,0,1,54,0,3,0,43.73271,-110.73144,0.69766284373923
"BCHC",2017-07-04,0,0,1,0,12,1,0,0,1,16,0,0,0,43.73271,-110.73144,0.790188314081712
"BCHC",2017-07-19,0,0,0,0,102,4,0,0,1,6,0,1,0,43.73271,-110.73144,0.189848436579632
"BCHC",2017-07-20,0,0,1,0,34,4,0,0,0,11,0,0,0,43.73271,-110.73144,0.11402665664252
"BCHC",2017-07-21,0,0,1,0,33,1,0,0,1,1,0,0,0,43.73271,-110.73144,0.0556122731781855
"BCHC",2017-07-22,0,0,1,0,88,1,0,0,1,3,0,1,0,43.73271,-110.73144,0.017239774682107
"BCHC",2017-07-23,0,0,2,0,102,6,0,0,3,7,0,2,0,43.73271,-110.73144,0.000639760706010573
"BCHC",2017-07-24,1,0,12,0,275,8,0,0,3,21,0,0,0,43.73271,-110.73144,0.00656089182374736
"BCHC",2017-07-25,0,0,0,0,86,5,0,0,1,39,0,0,0,43.73271,-110.73144,0.034736125042055
"BCHC",2017-07-26,0,0,5,0,127,12,0,0,2,27,0,0,0,43.73271,-110.73144,0.0838947574386156
"BCHC",2017-07-27,0,0,1,0,7,3,0,0,1,48,0,0,1,43.73271,-110.73144,0.151819734859467
"BCHC",2017-07-28,0,0,18,0,211,4,0,0,1,145,0,0,0,43.73271,-110.73144,0.235447641054055
"BCHC",2017-07-29,0,1,10,0,62,19,0,0,0,69,0,0,1,43.73271,-110.73144,0.331006857737369
"BCHC",2017-07-30,0,0,10,0,208,12,0,0,1,12,0,0,0,43.73271,-110.73144,0.434187664561897
"BCHC",2017-07-31,0,0,8,0,184,15,0,0,1,51,0,0,0,43.73271,-110.73144,0.540336607490942
"BCHC",2017-08-01,1,0,8,0,149,4,0,1,1,54,1,1,0,43.73271,-110.73144,0.64466636955933
"CBN1",2016-06-24,0,0,1,0,0,0,0,0,0,215,0,1,0,43.91422,-110.63477,0.794272903732221
"CBN1",2016-06-25,0,0,0,0,0,0,0,0,1,4,0,0,0,43.91422,-110.63477,0.702276612394634
"CBN1",2016-06-26,0,0,0,0,0,0,0,0,1,10,0,0,0,43.91422,-110.63477,0.601157646525986
"CBN1",2016-06-27,0,0,0,0,0,0,0,1,0,34,0,0,0,43.91422,-110.63477,0.495476471143139
"CBN1",2016-06-28,0,0,0,0,0,0,0,0,1,66,0,0,0,43.91422,-110.63477,0.389999306896266
"CBN1",2016-06-29,0,0,0,0,0,0,0,0,1,201,0,0,0,43.91422,-110.63477,0.28948317353426
"CBN1",2016-07-11,0,0,1,0,2,0,0,0,0,7,0,0,0,43.91422,-110.63477,0.423410951966355
"CBN1",2016-07-12,0,0,0,0,3,5,0,0,7,190,0,3,0,43.91422,-110.63477,0.52947549261319
"CBN1",2016-07-13,0,0,1,0,2,0,0,0,23,30,0,2,0,43.91422,-110.63477,0.634210688643416
"CBN1",2016-07-14,0,0,0,0,3,2,0,0,2,55,0,0,0,43.91422,-110.63477,0.732892983072193
"CBN1",2016-07-15,0,0,4,0,7,11,0,0,8,93,0,2,0,43.91422,-110.63477,0.821071804756562
"CBN1",2016-07-16,0,0,0,0,6,7,0,0,5,113,0,2,0,43.91422,-110.63477,0.894770289138367
"CBN1",2016-07-17,0,0,1,0,5,2,0,0,16,45,0,0,0,43.91422,-110.63477,0.950664634822597
"CBN1",2016-07-18,0,0,0,0,7,3,0,0,1,73,0,0,0,43.91422,-110.63477,0.986234007009081
"CBN1",2016-07-19,0,0,0,0,7,6,0,0,1,62,0,0,0,43.91422,-110.63477,0.999874227133124
"CBN1",2016-07-20,0,0,0,0,10,8,0,0,0,55,0,0,0,43.91422,-110.63477,0.990970121313541
"CBN1",2016-07-21,0,0,0,0,3,4,0,0,1,46,0,0,0,43.91422,-110.63477,0.959923264692495
"CBN1",2016-07-22,0,0,9,0,11,11,0,0,3,143,0,0,1,43.91422,-110.63477,0.908133870398004
"CBN1",2016-07-23,0,0,2,0,2,4,0,0,1,34,0,0,0,43.91422,-110.63477,0.837937639936682
"CBN1",2017-06-21,0,0,0,0,0,3,0,0,4,225,0,2,0,43.91422,-110.63477,0.0806775564225262
"CBN1",2017-06-22,0,0,1,0,1,1,0,0,3,36,0,5,0,43.91422,-110.63477,0.0326242111538096
"CBN1",2017-06-23,0,0,1,0,0,0,0,0,1,15,0,0,0,43.91422,-110.63477,0.00564951237253664
"CBN1",2017-06-24,0,0,1,0,2,2,0,0,8,44,0,1,0,43.91422,-110.63477,0.000970018901957415
"CBN1",2017-06-25,0,0,0,0,2,1,0,0,2,55,0,2,0,43.91422,-110.63477,0.0187967758817119
"CBN1",2017-06-26,0,0,3,0,5,6,0,0,2,630,0,9,0,43.91422,-110.63477,0.0583257966325996
"CBN1",2017-06-27,0,0,0,0,4,1,0,0,2,11,0,0,0,43.91422,-110.63477,0.117774322453259
"CBN1",2017-06-28,0,0,0,0,1,0,0,0,0,19,0,3,0,43.91422,-110.63477,0.194461225031336
"CBN1",2017-06-29,0,0,0,0,1,0,0,0,0,1,0,0,0,43.91422,-110.63477,0.284927925321291
"CBN1",2017-06-30,0,0,0,0,5,3,0,0,2,10,0,3,0,43.91422,-110.63477,0.385094375447871
"CBN1",2017-07-01,0,0,0,0,3,0,0,0,2,72,0,3,0,43.91422,-110.63477,0.490443068850961
"CBN1",2017-07-02,0,0,2,0,3,1,0,0,3,65,0,2,0,43.91422,-110.63477,0.596222779816282
"CBN1",2017-07-03,0,0,1,0,6,3,0,0,6,218,0,2,0,43.91422,-110.63477,0.69766284373923
"CBN1",2017-07-18,0,0,3,0,21,3,0,0,1,103,0,1,0,43.91422,-110.63477,0.279658050972106
"CBN1",2017-07-19,0,0,0,0,46,7,0,0,1,56,0,1,0,43.91422,-110.63477,0.189848436579632
"CBN1",2017-07-20,0,0,1,0,70,4,0,0,2,39,0,0,0,43.91422,-110.63477,0.11402665664252
"CBN1",2017-07-21,0,0,0,0,78,2,0,0,1,14,0,2,0,43.91422,-110.63477,0.0556122731781855
"CBN1",2017-07-22,0,0,0,0,55,2,0,0,2,67,0,0,0,43.91422,-110.63477,0.017239774682107
"CBN1",2017-07-23,1,0,1,0,83,5,0,0,2,33,0,0,0,43.91422,-110.63477,0.000639760706010573
"CBN1",2017-07-24,0,0,0,0,5,2,0,0,2,196,0,1,0,43.91422,-110.63477,0.00656089182374736
"CBN1",2017-07-25,0,0,5,0,42,12,0,0,1,22,0,0,0,43.91422,-110.63477,0.034736125042055
"CBN1",2017-07-26,0,0,8,0,19,14,0,0,0,123,0,0,0,43.91422,-110.63477,0.0838947574386156
"CBN1",2017-07-27,0,0,1,0,59,15,0,0,2,13,0,2,0,43.91422,-110.63477,0.151819734859467
"CBN1",2017-07-28,1,0,1,0,88,9,0,0,5,165,0,0,0,43.91422,-110.63477,0.235447641054055
"CBN1",2017-07-29,0,0,0,0,39,5,0,0,0,28,0,0,1,43.91422,-110.63477,0.331006857737369
"CBN1",2017-07-30,0,0,1,0,8,4,0,0,1,31,0,0,0,43.91422,-110.63477,0.434187664561897
"CBN1",2017-07-31,0,0,0,0,21,6,0,0,2,99,0,4,0,43.91422,-110.63477,0.540336607490942
"CBP1",2016-06-13,0,0,0,0,0,0,0,0,0,2,0,0,0,43.90378,-110.64228,0.585516434392303
"CBP1",2016-06-15,0,0,0,0,1,7,0,0,0,1,0,0,0,43.90378,-110.64228,0.781253676529741
"CBP1",2016-06-17,0,0,4,0,1,35,0,0,0,0,0,0,0,43.90378,-110.64228,0.926824831951632
"CBP1",2016-06-18,0,0,5,0,0,88,0,0,0,1,0,0,0,43.90378,-110.64228,0.972192843463688
"CBP1",2016-06-19,0,0,0,0,0,63,0,0,0,0,0,0,0,43.90378,-110.64228,0.996264959341494
"CBP1",2016-06-20,0,0,0,0,0,52,0,0,0,0,0,0,0,43.90378,-110.64228,0.997955527240783
"CBP1",2016-06-21,0,0,29,0,0,46,0,0,0,0,0,0,0,43.90378,-110.64228,0.977188302555073
"CBP1",2016-08-10,0,0,4,0,569,128,0,0,0,10,0,0,0,43.90378,-110.64228,0.473059291467833
"CBP1",2016-08-11,0,0,2,0,452,86,0,0,0,26,0,1,0,43.90378,-110.64228,0.57909691849513
"CBP1",2016-08-12,1,0,3,0,635,228,0,0,1,32,0,1,0,43.90378,-110.64228,0.681567274767391
"CBP1",2016-08-13,0,0,2,0,490,261,0,0,0,24,0,11,0,43.90378,-110.64228,0.775848947565149
"CBP1",2016-08-14,0,0,3,0,595,167,0,0,0,42,0,1,0,43.90378,-110.64228,0.857689833765812
"CBP1",2016-08-15,0,0,5,0,3,33,0,0,0,3,0,0,0,43.90378,-110.64228,0.923398909680204
"CBP1",2016-08-16,0,0,5,0,570,592,0,0,0,29,0,0,0,43.90378,-110.64228,0.970012696207988
"CBP1",2017-06-21,0,0,19,0,2,187,0,0,0,10,0,1,0,43.90378,-110.64228,0.0806775564225262
"CBP1",2017-06-22,0,0,22,0,0,35,0,0,0,4,0,0,0,43.90378,-110.64228,0.0326242111538096
"CBP1",2017-06-23,0,0,3,0,0,41,0,0,0,3,0,1,0,43.90378,-110.64228,0.00564951237253664
"CBP1",2017-06-24,0,0,11,0,11,81,0,0,0,3,0,0,0,43.90378,-110.64228,0.000970018901957415
"CBP1",2017-06-25,0,0,2,0,0,74,0,0,0,2,0,0,0,43.90378,-110.64228,0.0187967758817119
"CBP1",2017-06-26,0,0,17,0,5,104,0,0,0,10,0,1,0,43.90378,-110.64228,0.0583257966325996
"CBP1",2017-06-27,0,0,0,0,0,17,0,0,0,2,0,1,0,43.90378,-110.64228,0.117774322453259
"CBP1",2017-06-28,0,0,0,0,0,2,0,0,0,0,0,2,0,43.90378,-110.64228,0.194461225031336
"CBP1",2017-06-29,0,0,0,0,0,0,0,0,0,3,0,0,0,43.90378,-110.64228,0.284927925321291
"CBP1",2017-06-30,0,0,0,0,1,23,0,0,0,6,0,2,0,43.90378,-110.64228,0.385094375447871
"CBP1",2017-07-01,0,0,1,0,4,80,0,0,0,1,0,2,0,43.90378,-110.64228,0.490443068850961
"CBP1",2017-07-02,0,0,1,0,4,109,0,0,0,4,0,1,0,43.90378,-110.64228,0.596222779816282
"CBP1",2017-07-03,0,0,8,0,5,213,0,0,0,7,0,1,0,43.90378,-110.64228,0.69766284373923
"CBP1",2017-07-18,0,0,1,0,27,26,0,0,0,8,0,1,0,43.90378,-110.64228,0.279658050972106
"CBP1",2017-07-19,0,0,1,0,69,75,0,0,0,25,0,1,0,43.90378,-110.64228,0.189848436579632
"CBP1",2017-07-20,0,0,0,0,95,404,0,0,0,12,0,2,0,43.90378,-110.64228,0.11402665664252
"CBP1",2017-07-21,0,0,0,0,88,135,0,0,0,15,0,1,0,43.90378,-110.64228,0.0556122731781855
"CBP1",2017-07-22,0,0,0,0,67,180,0,0,0,11,0,0,0,43.90378,-110.64228,0.017239774682107
"CBP1",2017-07-23,0,0,0,0,83,104,0,0,0,17,0,0,0,43.90378,-110.64228,0.000639760706010573
"CBP1",2017-07-24,0,0,0,0,47,94,0,0,0,23,0,0,0,43.90378,-110.64228,0.00656089182374736
"CHTR",2016-08-02,0,0,1,0,9,4,0,0,12,12,0,0,0,43.6606,-110.71335,0.00855588529886608
"CHTR",2016-08-03,0,0,3,0,0,2,0,0,6,7,0,1,0,43.6606,-110.71335,0.000189158269287448
"CHTR",2016-08-04,0,0,2,0,0,6,1,0,8,26,0,2,0,43.6606,-110.71335,0.0143638985019038
"CHTR",2016-08-05,1,0,3,0,11,11,0,0,10,21,0,1,0,43.6606,-110.71335,0.0504408252604484
"CHTR",2016-08-06,0,0,4,0,1,3,0,0,9,5,0,1,1,43.6606,-110.71335,0.106792869270753
"CHTR",2016-08-07,0,0,1,2,9,2,0,0,1,3,0,0,0,43.6606,-110.71335,0.180878553539698
"CHTR",2016-08-08,0,0,1,0,5,5,0,0,3,4,0,1,0,43.6606,-110.71335,0.269356613958679
"CHTR",2016-08-09,0,0,0,0,9,12,0,0,17,5,0,1,0,43.6606,-110.71335,0.368236690303625
"CHTR",2016-08-10,0,0,0,0,2,2,0,0,7,6,0,0,0,43.6606,-110.71335,0.473059291467833
"CHTR",2016-08-11,0,0,0,0,3,0,0,0,2,1,0,0,0,43.6606,-110.71335,0.57909691849513
"CHTR",2016-08-12,0,0,1,0,1,6,0,0,5,6,0,1,0,43.6606,-110.71335,0.681567274767391
"CHTR",2016-08-13,0,0,0,0,0,3,0,0,5,0,0,0,0,43.6606,-110.71335,0.775848947565149
"CHTR",2016-08-14,0,0,0,0,0,3,0,0,110,12,0,0,0,43.6606,-110.71335,0.857689833765812
"CHTR",2016-08-15,0,0,2,2,1,5,0,0,15,6,0,0,0,43.6606,-110.71335,0.923398909680204
"CHTR",2017-06-23,0,0,1,0,0,1,0,0,4,1,0,0,0,43.6606,-110.71335,0.00564951237253664
"CHTR",2017-06-24,0,0,2,0,1,3,0,0,4,1,0,1,0,43.6606,-110.71335,0.000970018901957415
"CHTR",2017-06-25,0,0,0,0,2,2,0,0,10,0,0,2,0,43.6606,-110.71335,0.0187967758817119
"CHTR",2017-06-26,0,0,5,0,7,11,0,0,7,7,0,4,0,43.6606,-110.71335,0.0583257966325996
"CHTR",2017-06-27,0,0,1,0,1,7,0,0,2,1,0,0,0,43.6606,-110.71335,0.117774322453259
"CHTR",2017-06-28,0,0,2,0,0,1,0,0,0,0,0,0,0,43.6606,-110.71335,0.194461225031336
"CHTR",2017-06-30,0,0,0,0,1,7,0,0,3,0,0,0,0,43.6606,-110.71335,0.385094375447871
"CHTR",2017-07-01,0,0,1,0,1,4,0,0,5,4,0,2,0,43.6606,-110.71335,0.490443068850961
"CHTR",2017-07-02,0,0,0,0,7,0,0,0,3,2,0,0,0,43.6606,-110.71335,0.596222779816282
"CHTR",2017-07-03,0,0,0,0,8,2,0,0,1,3,0,3,0,43.6606,-110.71335,0.69766284373923
"CHTR",2017-07-04,0,0,2,0,6,1,0,0,9,4,0,0,0,43.6606,-110.71335,0.790188314081712
"CHTR",2017-07-05,0,0,1,0,20,6,0,1,3,4,0,0,0,43.6606,-110.71335,0.869626292446113
"CHTR",2017-07-06,0,0,1,0,16,5,0,0,7,1,0,0,0,43.6606,-110.71335,0.932394126278284
"CHTR",2017-07-21,0,0,0,0,3,4,0,0,6,3,0,2,0,43.6606,-110.71335,0.0556122731781855
"CHTR",2017-07-22,0,0,1,0,6,0,0,0,13,3,0,1,0,43.6606,-110.71335,0.017239774682107
"CHTR",2017-07-23,0,0,4,0,11,6,0,0,12,9,0,1,0,43.6606,-110.71335,0.000639760706010573
"CHTR",2017-07-24,0,0,2,0,9,6,0,0,15,8,0,0,0,43.6606,-110.71335,0.00656089182374736
"CHTR",2017-07-25,0,0,0,0,3,5,0,0,15,8,0,0,0,43.6606,-110.71335,0.034736125042055
"CHTR",2017-07-26,0,0,4,0,1,10,0,0,8,6,0,0,0,43.6606,-110.71335,0.0838947574386156
"CHTR",2017-07-27,0,0,2,0,0,1,0,0,9,3,0,2,0,43.6606,-110.71335,0.151819734859467
"CHTR",2017-07-28,0,0,4,0,0,6,0,0,17,11,0,1,0,43.6606,-110.71335,0.235447641054055
"CHTR",2017-07-29,0,0,4,0,1,6,0,0,12,6,0,2,0,43.6606,-110.71335,0.331006857737369
"CHTR",2017-07-30,0,0,1,0,3,0,0,0,9,7,0,1,0,43.6606,-110.71335,0.434187664561897
"CHTR",2017-07-31,0,0,0,0,4,3,0,0,9,21,0,2,0,43.6606,-110.71335,0.540336607490942
"CHTR",2017-08-01,0,0,0,0,4,2,0,0,12,30,0,0,0,43.6606,-110.71335,0.64466636955933
"CHTR",2017-08-02,0,0,3,0,4,14,0,0,12,57,0,2,0,43.6606,-110.71335,0.742471678852519
"CHTR",2017-08-03,0,0,2,0,4,4,0,0,5,69,0,3,0,43.6606,-110.71335,0.829341516254186
"CIS1",2017-07-04,0,0,0,0,0,0,0,0,1,17,0,53,0,43.93213,-110.64616,0.790188314081712
"CIS1",2017-07-05,0,0,0,0,1,0,0,0,2,93,0,111,0,43.93213,-110.64616,0.869626292446113
"CIS1",2017-07-06,0,0,0,0,0,1,0,0,4,25,0,54,0,43.93213,-110.64616,0.932394126278284
"CIS1",2017-07-07,0,0,1,0,1,1,0,0,8,13,0,46,0,43.93213,-110.64616,0.975660986485839
"CIS1",2017-07-08,0,0,0,0,1,0,0,0,0,31,0,62,0,43.93213,-110.64616,0.997475537820637
"CIS1",2017-07-09,0,0,0,0,0,1,0,0,5,26,0,50,0,43.93213,-110.64616,0.996853944091626
"CIS1",2017-07-10,0,0,0,0,0,0,0,0,6,17,0,64,0,43.93213,-110.64616,0.973824239173899
"CIS1",2017-07-11,0,0,0,0,2,1,0,0,13,10,0,26,0,43.93213,-110.64616,0.929425062680882
"CIS1",2017-07-12,0,0,0,0,0,0,0,0,0,5,0,32,1,43.93213,-110.64616,0.865658817321422
"CIS1",2017-07-13,0,0,0,0,2,0,0,0,5,4,0,29,0,43.93213,-110.64616,0.785401360544435
"CIS1",2017-07-14,0,0,0,0,2,0,0,0,3,11,0,15,0,43.93213,-110.64616,0.692272303377476
"CIS1",2017-07-15,0,0,3,0,0,0,0,0,2,11,1,39,0,43.93213,-110.64616,0.590471765982105
"CIS1",2017-07-16,0,0,0,0,0,0,0,0,4,5,0,4,0,43.93213,-110.64616,0.484590952248723
"CIS1",2017-07-17,0,0,0,0,0,0,0,0,1,6,0,38,0,43.93213,-110.64616,0.37940508651643
"CRMD",2016-07-15,0,0,11,0,7,20,0,0,1,27,0,3,0,43.70481,-110.73629,0.821071804756562
"CRMD",2016-07-16,0,0,2,0,10,22,0,0,0,15,0,2,0,43.70481,-110.73629,0.894770289138367
"CRMD",2016-07-17,0,0,2,0,2,12,0,0,2,3,0,0,1,43.70481,-110.73629,0.950664634822597
"CRMD",2016-07-18,0,0,1,0,4,10,0,0,1,9,0,2,1,43.70481,-110.73629,0.986234007009081
"CRMD",2016-07-19,0,0,3,0,8,7,0,0,1,7,0,0,0,43.70481,-110.73629,0.999874227133124
"CRMD",2016-07-20,0,0,10,0,2,13,0,0,1,17,0,0,4,43.70481,-110.73629,0.990970121313541
"CRMD",2016-07-21,0,0,7,0,5,20,0,0,1,15,0,1,0,43.70481,-110.73629,0.959923264692495
"CRMD",2016-07-22,1,0,63,0,28,45,0,0,4,51,0,0,4,43.70481,-110.73629,0.908133870398004
"CRMD",2016-07-23,0,0,3,0,4,5,0,0,1,10,0,0,0,43.70481,-110.73629,0.837937639936682
"CRMD",2016-07-24,0,0,0,0,3,6,0,0,3,4,0,0,1,43.70481,-110.73629,0.752500423063482
"CRMD",2016-07-25,0,0,17,0,14,4,0,0,2,21,0,2,1,43.70481,-110.73629,0.65567543796895
"CRMD",2017-06-21,0,0,28,0,2,43,0,0,3,23,0,1,1,43.70481,-110.73629,0.0806775564225262
"CRMD",2017-06-22,0,0,14,0,2,28,0,0,2,4,0,2,1,43.70481,-110.73629,0.0326242111538096
"CRMD",2017-06-23,0,0,6,0,2,22,0,0,1,4,0,0,0,43.70481,-110.73629,0.00564951237253664
"CRMD",2017-06-24,0,0,7,0,1,16,0,0,2,6,0,3,0,43.70481,-110.73629,0.000970018901957415
"CRMD",2017-06-25,0,0,17,0,1,14,0,0,1,10,0,7,0,43.70481,-110.73629,0.0187967758817119
"CRMD",2017-06-26,0,0,16,1,13,30,0,0,1,21,0,6,0,43.70481,-110.73629,0.0583257966325996
"CRMD",2017-06-27,0,0,2,0,8,20,0,0,2,4,0,1,0,43.70481,-110.73629,0.117774322453259
"CRMD",2017-06-28,0,0,0,0,0,13,0,0,0,2,0,3,0,43.70481,-110.73629,0.194461225031336
"CRMD",2017-06-29,0,0,0,0,0,7,0,0,0,3,0,1,0,43.70481,-110.73629,0.284927925321291
"CRMD",2017-06-30,0,0,2,0,0,32,0,0,0,1,0,0,1,43.70481,-110.73629,0.385094375447871
"CRMD",2017-07-01,0,0,0,0,5,15,0,0,2,11,0,3,0,43.70481,-110.73629,0.490443068850961
"CRMD",2017-07-02,0,0,0,0,4,19,0,0,1,4,0,6,0,43.70481,-110.73629,0.596222779816282
"CRMD",2017-07-03,0,0,5,0,15,28,0,0,3,35,0,2,0,43.70481,-110.73629,0.69766284373923
"CRMD",2017-07-04,0,0,0,0,7,10,0,0,0,7,0,1,0,43.70481,-110.73629,0.790188314081712
"CRMD",2017-07-19,0,0,5,0,18,18,0,0,0,16,0,4,0,43.70481,-110.73629,0.189848436579632
"CRMD",2017-07-20,0,0,2,0,19,26,0,0,1,8,0,3,0,43.70481,-110.73629,0.11402665664252
"CRMD",2017-07-21,0,0,4,0,5,24,0,0,2,10,0,2,0,43.70481,-110.73629,0.0556122731781855
"CRMD",2017-07-22,0,0,3,0,8,20,0,0,1,13,0,1,1,43.70481,-110.73629,0.017239774682107
"CRMD",2017-07-23,0,0,4,0,18,18,0,0,2,7,0,1,0,43.70481,-110.73629,0.000639760706010573
"CRMD",2017-07-24,0,0,18,0,25,24,0,0,1,23,0,3,1,43.70481,-110.73629,0.00656089182374736
"CRMD",2017-07-25,0,0,2,0,9,26,0,0,0,9,0,1,0,43.70481,-110.73629,0.034736125042055
"CRMD",2017-07-26,0,0,13,0,24,38,0,0,1,26,0,2,0,43.70481,-110.73629,0.0838947574386156
"CRMD",2017-07-27,0,0,6,0,4,32,0,0,1,11,0,3,0,43.70481,-110.73629,0.151819734859467
"CRMD",2017-07-28,0,0,31,0,8,35,0,0,6,16,0,4,0,43.70481,-110.73629,0.235447641054055
"CRMD",2017-07-29,0,0,8,0,6,20,0,1,2,11,0,1,0,43.70481,-110.73629,0.331006857737369
"CRMD",2017-07-30,0,0,6,0,2,28,0,0,3,17,0,2,0,43.70481,-110.73629,0.434187664561897
"CRMD",2017-07-31,0,0,9,0,5,29,0,1,4,30,0,5,2,43.70481,-110.73629,0.540336607490942
"CRMD",2017-08-01,0,0,3,0,13,22,0,0,4,26,0,2,1,43.70481,-110.73629,0.64466636955933
"GCD1",2016-08-03,0,0,0,0,4,36,0,0,7,15,0,1,0,43.61196,-110.66952,0.000189158269287448
"GCD1",2016-08-04,0,0,0,0,5,6,0,0,6,26,0,1,0,43.61196,-110.66952,0.0143638985019038
"GCD1",2016-08-05,0,0,1,0,13,20,0,0,6,35,0,3,0,43.61196,-110.66952,0.0504408252604484
"GCD1",2016-08-06,0,0,0,0,5,10,0,0,2,15,0,0,0,43.61196,-110.66952,0.106792869270753
"GCD1",2016-08-07,0,0,0,0,3,10,0,0,1,8,0,0,0,43.61196,-110.66952,0.180878553539698
"GCD1",2016-08-08,0,0,1,0,1,8,1,1,3,14,0,1,0,43.61196,-110.66952,0.269356613958679
"GCD1",2017-06-22,0,0,0,0,0,2,0,0,4,0,0,4,0,43.61196,-110.66952,0.0326242111538096
"GCD1",2017-06-23,0,0,1,0,1,2,0,0,0,0,1,3,0,43.61196,-110.66952,0.00564951237253664
"GCD1",2017-06-24,0,0,0,0,0,1,0,0,0,0,0,1,0,43.61196,-110.66952,0.000970018901957415
"GCD1",2017-06-25,0,0,0,0,0,2,0,0,2,0,0,2,0,43.61196,-110.66952,0.0187967758817119
"GCD1",2017-06-26,0,0,1,0,0,9,0,0,1,15,0,6,0,43.61196,-110.66952,0.0583257966325996
"GCD1",2017-06-27,0,0,0,0,0,0,0,0,0,0,0,4,0,43.61196,-110.66952,0.117774322453259
"GCD1",2017-06-28,0,0,0,0,0,1,0,0,0,0,0,1,0,43.61196,-110.66952,0.194461225031336
"GCD1",2017-06-29,0,0,0,0,0,1,0,0,0,0,0,0,0,43.61196,-110.66952,0.284927925321291
"GCD1",2017-06-30,0,0,0,0,0,2,0,0,0,0,0,2,0,43.61196,-110.66952,0.385094375447871
"GCD1",2017-07-01,0,0,0,0,0,2,0,0,1,0,0,2,0,43.61196,-110.66952,0.490443068850961
"GCD1",2017-07-02,0,0,0,0,1,0,0,0,1,0,0,0,0,43.61196,-110.66952,0.596222779816282
"GCD1",2017-07-03,0,0,0,0,1,5,0,0,2,1,0,2,0,43.61196,-110.66952,0.69766284373923
"GCD1",2017-07-04,0,0,0,0,2,3,0,0,3,0,0,1,0,43.61196,-110.66952,0.790188314081712
"GCD1",2017-07-05,0,0,0,0,2,4,0,0,3,14,0,8,0,43.61196,-110.66952,0.869626292446113
"GCD1",2017-07-20,0,0,0,0,0,1,0,0,0,15,0,0,0,43.61196,-110.66952,0.11402665664252
"GCD1",2017-07-21,0,0,0,0,0,2,0,0,2,5,0,2,0,43.61196,-110.66952,0.0556122731781855
"GCD1",2017-07-22,0,0,0,0,0,1,0,0,0,0,0,1,0,43.61196,-110.66952,0.017239774682107
"GCD1",2017-07-23,0,0,2,0,0,2,0,0,0,4,0,0,0,43.61196,-110.66952,0.000639760706010573
"GCD1",2017-07-24,0,0,0,0,0,3,0,0,0,11,0,1,2,43.61196,-110.66952,0.00656089182374736
"GCD1",2017-07-25,0,0,0,0,0,0,0,0,0,13,0,0,0,43.61196,-110.66952,0.034736125042055
"GCD1",2017-07-26,0,0,1,0,0,0,0,0,1,11,0,0,0,43.61196,-110.66952,0.0838947574386156
"GCD1",2017-07-27,0,0,0,0,0,0,0,0,3,46,0,0,0,43.61196,-110.66952,0.151819734859467
"GCD1",2017-07-28,0,0,0,0,0,2,0,0,1,24,0,2,1,43.61196,-110.66952,0.235447641054055
"GCD1",2017-07-29,0,0,1,0,0,2,0,0,2,15,0,3,0,43.61196,-110.66952,0.331006857737369
"GCD1",2017-07-30,0,0,0,0,1,0,0,0,1,10,0,1,0,43.61196,-110.66952,0.434187664561897
"GCD1",2017-07-31,0,0,0,0,0,0,1,0,4,16,0,3,0,43.61196,-110.66952,0.540336607490942
"GCD1",2017-08-01,0,0,0,0,0,0,0,0,3,36,0,1,0,43.61196,-110.66952,0.64466636955933
"GCD1",2017-08-02,0,0,0,0,0,2,0,0,4,111,0,1,1,43.61196,-110.66952,0.742471678852519
"GVDC",2016-08-09,0,0,1,0,3,79,0,0,4,130,0,1,0,43.61725,-110.63822,0.368236690303625
"GVDC",2016-08-10,0,0,0,0,0,30,0,0,3,23,0,0,0,43.61725,-110.63822,0.473059291467833
"GVDC",2016-08-11,0,0,3,0,1,30,0,0,4,67,0,0,0,43.61725,-110.63822,0.57909691849513
"GVDC",2016-08-12,0,0,0,0,3,9,0,0,4,36,0,0,0,43.61725,-110.63822,0.681567274767391
"GVDC",2016-08-13,0,0,1,0,1,10,0,1,2,68,0,1,0,43.61725,-110.63822,0.775848947565149
"GVDC",2016-08-14,0,0,0,0,1,24,0,0,7,123,0,1,0,43.61725,-110.63822,0.857689833765812
"GVDC",2017-06-22,0,0,0,0,1,19,0,0,6,13,0,2,0,43.61725,-110.63822,0.0326242111538096
"GVDC",2017-06-23,0,0,0,0,0,17,0,0,1,7,0,1,0,43.61725,-110.63822,0.00564951237253664
"GVDC",2017-06-24,0,0,0,0,3,13,0,0,0,9,0,0,0,43.61725,-110.63822,0.000970018901957415
"GVDC",2017-06-25,0,0,1,0,4,8,0,0,2,5,0,1,0,43.61725,-110.63822,0.0187967758817119
"GVDC",2017-06-26,0,0,7,0,12,61,0,0,12,34,0,0,0,43.61725,-110.63822,0.0583257966325996
"GVDC",2017-06-27,0,0,3,0,1,16,0,0,1,9,0,1,0,43.61725,-110.63822,0.117774322453259
"GVDC",2017-06-28,0,0,0,0,0,12,0,0,0,4,0,1,0,43.61725,-110.63822,0.194461225031336
"GVDC",2017-06-29,0,0,0,0,0,11,0,0,0,5,0,1,0,43.61725,-110.63822,0.284927925321291
"GVDC",2017-06-30,0,0,2,0,3,20,0,0,1,2,0,0,0,43.61725,-110.63822,0.385094375447871
"GVDC",2017-07-01,0,0,0,0,4,89,0,0,5,8,0,0,0,43.61725,-110.63822,0.490443068850961
"GVDC",2017-07-02,0,0,2,0,6,49,0,0,2,19,0,1,0,43.61725,-110.63822,0.596222779816282
"GVDC",2017-07-03,0,0,3,0,4,69,0,0,3,43,0,2,0,43.61725,-110.63822,0.69766284373923
"GVDC",2017-07-04,0,0,1,0,8,58,0,0,7,7,0,0,0,43.61725,-110.63822,0.790188314081712
"GVDC",2017-07-05,0,0,1,0,12,135,0,0,11,131,0,0,0,43.61725,-110.63822,0.869626292446113
"GVDC",2017-07-20,0,0,1,0,9,158,0,0,2,21,0,1,0,43.61725,-110.63822,0.11402665664252
"GVDC",2017-07-21,0,0,0,0,12,83,0,0,1,31,0,1,0,43.61725,-110.63822,0.0556122731781855
"GVDC",2017-07-22,0,0,0,0,12,75,0,0,1,24,0,0,0,43.61725,-110.63822,0.017239774682107
"GVDC",2017-07-23,0,0,1,0,6,161,0,0,3,28,0,0,0,43.61725,-110.63822,0.000639760706010573
"GVDC",2017-07-24,0,0,1,0,8,204,0,0,1,62,0,3,0,43.61725,-110.63822,0.00656089182374736
"GVDC",2017-07-25,0,0,0,0,16,162,0,0,1,41,0,0,0,43.61725,-110.63822,0.034736125042055
"GVDC",2017-07-26,0,0,1,0,19,135,0,0,3,55,0,0,0,43.61725,-110.63822,0.0838947574386156
"GVDC",2017-07-27,0,0,0,0,2,129,0,0,1,40,0,0,0,43.61725,-110.63822,0.151819734859467
"GVDC",2017-07-28,0,0,1,0,6,100,0,0,4,71,0,3,0,43.61725,-110.63822,0.235447641054055
"GVDC",2017-07-29,0,0,0,0,6,330,0,1,6,154,0,1,0,43.61725,-110.63822,0.331006857737369
"GVDC",2017-07-30,0,0,0,0,10,312,0,1,2,113,0,1,0,43.61725,-110.63822,0.434187664561897
"GVDC",2017-07-31,0,0,4,0,5,488,0,0,7,249,0,1,0,43.61725,-110.63822,0.540336607490942
"GVDC",2017-08-01,0,0,1,0,4,282,0,1,3,195,0,0,0,43.61725,-110.63822,0.64466636955933
"GVDC",2017-08-02,0,0,0,0,8,222,0,1,5,246,0,4,1,43.61725,-110.63822,0.742471678852519
"HICB",2016-04-08,0,0,2,0,8,4,0,0,0,0,0,0,0,43.70891,-110.72971,0.0176257068965431
"HICB",2016-04-12,0,0,10,0,0,0,0,0,0,0,0,0,0,43.70891,-110.72971,0.280982545767485
"HICB",2016-04-19,0,0,8,0,0,2,0,0,0,0,0,0,0,43.70891,-110.72971,0.930178436383295
"HICB",2016-04-20,0,0,8,0,0,4,0,0,0,0,0,0,0,43.70891,-110.72971,0.974292986080898
"HICB",2016-04-21,0,0,24,0,2,0,0,0,0,0,0,0,0,43.70891,-110.72971,0.997016923719356
"HICB",2016-04-22,0,0,14,0,2,8,0,0,0,2,0,0,0,43.70891,-110.72971,0.997325399788413
"HICB",2016-04-23,0,0,2,0,0,0,0,0,0,0,0,0,0,43.70891,-110.72971,0.975204502018431
"HICB",2016-04-27,0,0,6,0,0,0,0,0,0,0,0,2,0,43.70891,-110.72971,0.696307663504161
"HICB",2016-04-28,0,0,2,0,0,0,0,0,0,0,0,0,0,43.70891,-110.72971,0.594775495868684
"HICB",2016-05-01,0,0,10,0,2,14,0,0,0,0,0,0,0,43.70891,-110.72971,0.28359780722821
"HICB",2016-05-02,0,0,22,0,4,14,0,0,0,0,0,4,0,43.70891,-110.72971,0.193295440948511
"HICB",2016-05-03,2,0,10,0,0,0,2,0,0,2,0,6,0,43.70891,-110.72971,0.116825449238939
"HICB",2016-05-04,0,0,26,0,0,6,0,0,0,0,0,2,0,43.70891,-110.72971,0.0576366284655656
"HICB",2016-05-05,2,0,20,0,0,0,0,0,0,2,0,16,0,43.70891,-110.72971,0.0183983942438719
"HICB",2016-05-06,0,0,12,0,0,0,0,0,0,4,0,20,0,43.70891,-110.72971,0.000880390803864983
"HICB",2016-05-07,0,0,2,0,0,2,0,0,0,0,0,6,0,43.70891,-110.72971,0.00587268004109726
"HICB",2016-05-08,0,0,4,0,2,0,0,0,0,2,0,2,0,43.70891,-110.72971,0.0331501097279566
"HICB",2016-05-09,0,0,2,0,0,0,0,0,0,0,0,8,0,43.70891,-110.72971,0.0814824678783407
"HICB",2016-05-10,0,0,0,0,0,0,0,0,0,0,0,2,0,43.70891,-110.72971,0.148689965303981
"HICB",2016-05-23,0,0,0,0,2,0,0,0,0,0,0,0,0,43.70891,-110.72971,0.957331288299555
"HID1",2016-08-05,0,0,86,0,9,8,0,1,5,174,0,9,0,43.70801,-110.72964,0.0504408252604484
"HID1",2016-08-06,0,0,13,1,1,8,0,0,3,44,0,2,0,43.70801,-110.72964,0.106792869270753
"HID1",2016-08-07,0,0,8,0,8,13,0,0,1,49,0,5,0,43.70801,-110.72964,0.180878553539698
"HID1",2016-08-08,0,0,11,0,0,7,0,0,2,24,0,3,0,43.70801,-110.72964,0.269356613958679
"HID1",2016-08-09,0,0,20,0,2,9,0,0,7,79,0,6,1,43.70801,-110.72964,0.368236690303625
"HID1",2016-08-10,0,0,8,0,1,6,0,0,5,37,0,4,0,43.70801,-110.72964,0.473059291467833
"HID1",2017-06-21,1,0,21,0,1,14,0,0,3,43,0,29,1,43.70801,-110.72964,0.0806775564225262
"HID1",2017-06-22,0,1,18,0,1,6,0,0,1,43,0,21,1,43.70801,-110.72964,0.0326242111538096
"HID1",2017-06-23,0,0,7,0,0,8,0,0,0,13,0,6,2,43.70801,-110.72964,0.00564951237253664
"HID1",2017-06-24,0,0,10,0,1,10,0,0,1,10,0,24,0,43.70801,-110.72964,0.000970018901957415
"HID1",2017-06-25,0,0,19,0,0,6,0,0,1,25,0,37,1,43.70801,-110.72964,0.0187967758817119
"HID1",2017-06-26,2,0,54,0,14,8,0,0,6,171,0,50,4,43.70801,-110.72964,0.0583257966325996
"HID1",2017-06-27,0,0,30,0,4,3,0,0,1,17,0,38,1,43.70801,-110.72964,0.117774322453259
"HID1",2017-06-28,0,0,11,0,0,2,0,0,1,8,0,23,1,43.70801,-110.72964,0.194461225031336
"HID1",2017-06-29,0,0,3,0,1,0,0,0,1,7,0,9,0,43.70801,-110.72964,0.284927925321291
"HID1",2017-06-30,1,0,8,0,3,5,0,0,0,2,0,24,3,43.70801,-110.72964,0.385094375447871
"HID1",2017-07-01,0,0,13,0,4,3,0,0,0,25,0,47,1,43.70801,-110.72964,0.490443068850961
"HID1",2017-07-02,0,0,4,0,1,8,0,0,1,24,0,46,1,43.70801,-110.72964,0.596222779816282
"HID1",2017-07-03,0,0,28,0,10,2,0,0,1,64,0,41,0,43.70801,-110.72964,0.69766284373923
"HID1",2017-07-04,0,0,27,0,3,1,0,0,2,49,0,29,1,43.70801,-110.72964,0.790188314081712
"HID1",2017-07-19,0,0,44,0,6,2,0,0,3,52,0,14,0,43.70801,-110.72964,0.189848436579632
"HID1",2017-07-20,0,0,33,0,16,9,1,0,3,45,0,11,0,43.70801,-110.72964,0.11402665664252
"HID1",2017-07-21,1,0,39,0,5,14,0,0,2,45,0,9,0,43.70801,-110.72964,0.0556122731781855
"HID1",2017-07-22,1,0,20,0,11,1,0,0,1,55,0,16,1,43.70801,-110.72964,0.017239774682107
"HID1",2017-07-23,2,0,32,0,22,6,0,0,4,65,0,25,0,43.70801,-110.72964,0.000639760706010573
"HID1",2017-07-24,3,0,67,1,8,5,0,0,4,191,0,24,1,43.70801,-110.72964,0.00656089182374736
"HID1",2017-07-25,0,0,42,0,5,6,1,0,0,39,0,5,1,43.70801,-110.72964,0.034736125042055
"HID1",2017-07-26,0,0,20,0,6,3,0,0,6,196,0,21,0,43.70801,-110.72964,0.0838947574386156
"HID1",2017-07-27,0,0,8,0,2,3,0,0,1,72,0,4,0,43.70801,-110.72964,0.151819734859467
"HID1",2017-07-28,0,0,45,0,9,1,0,1,4,371,0,16,0,43.70801,-110.72964,0.235447641054055
"HID1",2017-07-29,0,0,18,0,6,2,0,0,3,50,0,11,1,43.70801,-110.72964,0.331006857737369
"HID1",2017-07-30,1,0,14,0,3,3,0,0,2,103,0,21,0,43.70801,-110.72964,0.434187664561897
"HID1",2017-07-31,0,0,34,0,8,2,0,0,3,163,0,22,0,43.70801,-110.72964,0.540336607490942
"HID1",2017-08-01,2,0,58,0,3,4,1,1,3,124,0,11,0,43.70801,-110.72964,0.64466636955933
"HIMD",2016-05-12,0,0,0,0,0,1,0,0,0,0,0,0,0,43.70861,-110.72971,0.326891578344028
"HIMD",2016-05-13,0,0,0,0,0,3,0,0,0,0,0,0,0,43.70861,-110.72971,0.429848801816415
"HIMD",2016-05-14,0,0,0,0,0,3,0,0,0,0,0,0,0,43.70861,-110.72971,0.535969844088299
"HIMD",2016-05-15,0,0,0,0,1,1,0,0,0,0,0,0,0,43.70861,-110.72971,0.640468646514048
"HIMD",2016-05-17,0,0,0,0,1,9,0,0,0,0,0,0,0,43.70861,-110.72971,0.826033663880161
"HIMD",2016-05-18,0,0,0,0,0,3,0,0,0,0,0,0,0,43.70861,-110.72971,0.898730897168272
"HIMD",2016-05-19,0,0,0,0,1,1,0,0,0,0,0,0,0,43.70861,-110.72971,0.953445368350235
"HIMD",2016-05-20,0,0,0,0,0,1,0,0,0,0,0,0,0,43.70861,-110.72971,0.987709454961759
"HIMD",2016-05-23,0,0,0,0,3,2,0,0,0,0,0,0,0,43.70861,-110.72971,0.957331288299555
"HIMD",2016-05-26,0,0,0,0,0,1,0,0,0,0,0,0,0,43.70861,-110.72971,0.746861710604757
"HIMD",2016-05-29,0,0,1,0,0,1,0,0,0,0,0,0,0,43.70861,-110.72971,0.439181041234965
"HIMD",2016-05-30,0,0,0,0,0,2,0,0,0,0,0,0,0,43.70861,-110.72971,0.335753023794871
"HIMD",2016-05-31,0,0,0,0,0,1,0,0,0,0,0,0,0,43.70861,-110.72971,0.23973254442294
"HIMD",2016-06-01,0,0,0,0,0,1,0,0,0,0,0,0,0,43.70861,-110.72971,0.155450126412436
"HIMD",2016-06-02,0,0,0,0,1,1,0,0,0,0,0,0,0,43.70861,-110.72971,0.0867069065288503
"HIMD",2016-06-03,0,0,0,0,1,3,0,0,0,0,0,0,0,43.70861,-110.72971,0.036603203755214
"HIMD",2016-06-04,0,0,0,0,2,4,0,0,0,0,0,0,0,43.70861,-110.72971,0.00739869491623241
"HIMD",2016-06-05,0,0,1,0,0,1,0,0,0,0,0,0,0,43.70861,-110.72971,0.000410503261171036
"HIMD",2016-06-06,0,0,0,0,1,4,0,0,0,0,0,0,0,43.70861,-110.72971,0.0159537962099399
"HIMD",2016-06-07,0,0,0,0,2,5,0,0,0,0,0,0,0,43.70861,-110.72971,0.0533275713033717
"HIMD",2016-06-08,0,0,2,0,2,6,0,0,0,0,0,0,0,43.70861,-110.72971,0.110846271411923
"HIMD",2016-06-09,0,0,0,0,0,4,0,0,0,0,0,0,0,43.70861,-110.72971,0.185915803356294
"HIMD",2016-06-10,0,0,1,0,3,36,0,0,4,3,0,0,0,43.70861,-110.72971,0.275150531501025
"HIMD",2016-06-11,0,0,2,0,0,11,0,0,0,0,0,0,0,43.70861,-110.72971,0.374525969910421
"HIMD",2016-06-12,0,0,1,0,0,12,0,0,0,1,0,0,0,43.70861,-110.72971,0.479560286650124
"HIMD",2016-06-13,0,0,0,0,1,6,0,0,0,2,0,2,0,43.70861,-110.72971,0.585516434392303
"HIMD",2016-06-14,0,0,1,0,3,7,0,0,0,4,0,0,0,43.70861,-110.72971,0.687615791234318
"HIMD",2016-06-15,0,0,3,0,3,41,0,0,0,7,0,1,0,43.70861,-110.72971,0.781253676529741
"HIMD",2016-06-16,0,0,0,0,0,7,0,0,0,1,0,1,0,43.70861,-110.72971,0.862207021970148
"HIMD",2016-06-17,0,0,0,0,1,17,0,0,1,1,0,0,0,43.70861,-110.72971,0.926824831951632
"HIMD",2016-06-18,0,0,0,0,4,13,0,0,0,7,0,1,0,43.70861,-110.72971,0.972192843463688
"HIMD",2016-06-19,0,0,0,0,1,2,0,0,0,0,0,0,0,43.70861,-110.72971,0.996264959341494
"JLG1",2016-06-23,0,0,3,0,0,0,0,0,1,24,0,0,0,43.75166,-110.72208,0.872997488112241
"JLG1",2016-06-24,0,0,1,0,0,0,0,0,0,0,0,0,0,43.75166,-110.72208,0.794272903732221
"JLG1",2016-06-25,0,0,0,0,0,0,0,0,1,3,0,0,0,43.75166,-110.72208,0.702276612394634
"JLG1",2016-06-26,0,0,0,0,0,0,0,0,0,17,0,1,0,43.75166,-110.72208,0.601157646525986
"JLG1",2016-06-27,0,0,0,0,0,0,0,0,1,41,0,1,1,43.75166,-110.72208,0.495476471143139
"JLG1",2016-06-28,0,0,0,0,0,0,0,0,1,39,0,1,0,43.75166,-110.72208,0.389999306896266
"JLG1",2016-06-29,0,0,1,0,0,0,0,0,1,100,0,0,0,43.75166,-110.72208,0.28948317353426
"JLG1",2017-07-05,0,0,7,0,3,3,0,0,1,563,0,16,0,43.75166,-110.72208,0.869626292446113
"JLG1",2017-07-06,0,0,13,0,2,2,0,0,3,115,0,22,0,43.75166,-110.72208,0.932394126278284
"JLG1",2017-07-07,0,0,17,2,2,2,0,0,5,56,0,8,1,43.75166,-110.72208,0.975660986485839
"JLG1",2017-07-08,0,0,17,0,3,2,0,0,0,257,0,10,0,43.75166,-110.72208,0.997475537820637
"JLG1",2017-07-09,0,0,16,0,8,1,0,0,2,40,0,3,0,43.75166,-110.72208,0.996853944091626
"JLG1",2017-07-10,0,0,10,0,5,0,1,0,5,304,0,15,0,43.75166,-110.72208,0.973824239173899
"JLG1",2017-07-11,0,0,11,0,10,14,0,0,5,95,0,28,0,43.75166,-110.72208,0.929425062680882
"JLG1",2017-07-12,0,0,5,0,9,5,0,0,4,180,0,15,0,43.75166,-110.72208,0.865658817321422
"JLG1",2017-07-13,0,0,5,0,5,3,0,0,7,254,0,16,0,43.75166,-110.72208,0.785401360544435
"JLG1",2017-07-14,0,0,5,0,8,3,1,0,6,660,0,5,0,43.75166,-110.72208,0.692272303377476
"JLG1",2017-07-15,0,0,2,0,6,1,0,0,2,496,0,12,0,43.75166,-110.72208,0.590471765982105
"JLG1",2017-07-16,0,0,4,0,10,7,0,0,6,264,0,16,3,43.75166,-110.72208,0.484590952248723
"JLG1",2017-07-17,0,0,9,0,4,0,0,0,3,5,0,11,0,43.75166,-110.72208,0.37940508651643
"JLG1",2017-07-18,0,0,1,0,8,2,0,1,8,112,0,7,0,43.75166,-110.72208,0.279658050972106
"JLG1",2017-08-02,0,0,5,0,3,2,0,0,2,286,0,4,0,43.75166,-110.72208,0.742471678852519
"JLG1",2017-08-03,0,0,2,0,3,3,0,0,2,40,0,5,0,43.75166,-110.72208,0.829341516254186
"JLG1",2017-08-04,0,0,2,0,6,3,0,0,1,68,0,6,0,43.75166,-110.72208,0.901358052392871
"JLG1",2017-08-05,0,0,1,0,9,1,0,0,3,100,0,6,0,43.75166,-110.72208,0.955273341733609
"JLG1",2017-08-06,0,0,1,0,7,3,0,0,0,24,0,6,2,43.75166,-110.72208,0.988655804910587
"JLG1",2017-08-07,0,0,1,0,8,7,0,0,4,11,0,3,0,43.75166,-110.72208,0.999999892948004
"JLG1",2017-08-08,0,0,0,0,6,0,1,0,0,3,0,4,0,43.75166,-110.72208,0.98879398751397
"JLG1",2017-08-09,0,0,0,0,8,1,0,0,1,5,0,3,0,43.75166,-110.72208,0.955543474905433
"JLG1",2017-08-10,0,0,0,1,4,7,1,0,2,31,0,4,1,43.75166,-110.72208,0.901747953128005
"JLG1",2017-08-11,0,0,7,0,6,1,0,0,7,11,0,5,0,43.75166,-110.72208,0.829833600030802
"JLG1",2017-08-12,0,0,1,0,8,15,0,0,9,56,0,8,0,43.75166,-110.72208,0.743043752693965
"JLG1",2017-08-13,0,0,5,0,4,6,0,0,5,278,0,41,0,43.75166,-110.72208,0.645292632937301
"JLG1",2017-08-14,0,0,0,0,26,0,0,0,3,64,0,34,0,43.75166,-110.72208,0.540988815929224
"JLG1",2017-08-15,0,0,18,0,1,1,0,0,8,9,0,23,0,43.75166,-110.72208,0.43483640346214
"KER1",2016-06-15,0,0,0,0,0,1,0,0,0,0,0,0,0,43.62432,-110.62407,0.781253676529741
"KER1",2016-06-17,0,0,0,0,0,0,0,0,0,1,0,0,0,43.62432,-110.62407,0.926824831951632
"KER1",2016-06-18,0,0,0,0,0,0,0,0,1,0,0,0,0,43.62432,-110.62407,0.972192843463688
"KER1",2016-06-20,0,0,0,0,0,0,0,0,1,1,0,0,0,43.62432,-110.62407,0.997955527240783
"KER1",2016-06-21,0,0,0,0,1,0,0,0,0,0,0,0,0,43.62432,-110.62407,0.977188302555073
"KHF1",2017-05-14,0,0,0,0,0,0,0,0,0,1,0,0,0,43.64194,-110.66805,0.861189029209575
"KHF1",2017-05-15,0,0,0,0,0,0,0,1,0,0,0,0,0,43.64194,-110.66805,0.780033409579552
"KHF1",2017-05-20,0,0,0,0,0,0,0,0,2,0,0,0,0,43.64194,-110.66805,0.27383458094973
"KHF1",2017-05-21,0,0,0,0,0,0,0,0,0,2,0,0,0,43.64194,-110.66805,0.184769951324516
"KHF1",2017-05-23,0,0,0,0,0,0,0,0,0,3,0,0,0,43.64194,-110.66805,0.0526669479622389
"KHF1",2017-05-24,0,0,0,0,0,0,0,0,0,0,0,1,0,43.64194,-110.66805,0.0155864192274802
"KHF1",2017-05-27,0,0,0,0,0,0,0,0,0,1,0,0,0,43.64194,-110.66805,0.0371589703388452
"KHF1",2017-05-30,0,0,0,0,0,0,0,0,1,1,0,0,0,43.64194,-110.66805,0.24099260055849
"KHF1",2017-05-31,0,0,0,0,0,0,0,0,1,0,0,0,0,43.64194,-110.66805,0.337146342297617
"KHF1",2017-06-01,0,0,0,0,0,0,0,0,1,0,0,0,0,43.64194,-110.66805,0.440644783445337
"KHF1",2017-06-02,0,0,0,0,0,0,0,0,0,2,0,0,0,43.64194,-110.66805,0.546820144657807
"KHF1",2017-06-03,0,0,0,0,0,0,0,0,1,1,0,0,0,43.64194,-110.66805,0.650883917505359
"KHF1",2017-06-05,0,0,0,0,0,1,0,0,0,0,0,0,0,43.64194,-110.66805,0.83421049425087
"KHF1",2017-06-06,0,0,0,0,0,1,0,0,0,1,0,0,0,43.64194,-110.66805,0.905205270160955
"KHF1",2017-06-08,0,0,0,0,0,1,0,0,0,0,0,0,0,43.64194,-110.66805,0.989992880357918
"KHF1",2017-06-10,0,0,0,1,0,0,0,0,0,0,0,0,0,43.64194,-110.66805,0.987382431872407
"KHF1",2017-06-11,0,0,0,0,0,1,0,0,0,0,0,0,0,43.64194,-110.66805,0.952822124011736
"KHF1",2017-06-15,0,0,0,0,0,1,0,0,0,0,0,0,0,43.64194,-110.66805,0.639052990554221
"KHF1",2017-06-17,0,0,0,0,7,0,0,0,0,0,0,0,0,43.64194,-110.66805,0.428389264746495
"KHF1",2017-06-18,0,0,0,0,0,0,0,0,4,2,0,0,0,43.64194,-110.66805,0.325509091521059
"KHF2",2017-05-06,0,0,0,0,0,1,0,0,0,0,0,0,0,43.64333,-110.64889,0.795463644479828
"KHF2",2017-05-12,1,0,0,0,0,0,0,0,0,0,0,0,0,43.64333,-110.64889,0.971705940319914
"KHF2",2017-05-30,0,0,0,0,0,0,0,0,0,0,0,1,0,43.64333,-110.64889,0.24099260055849
"KHF2",2017-06-03,0,0,0,0,0,0,0,0,0,1,0,0,0,43.64333,-110.64889,0.650883917505359
"KHF2",2017-06-04,0,0,0,0,0,3,0,0,0,0,0,0,0,43.64333,-110.64889,0.74814282618666
"KHF2",2017-06-08,0,0,0,0,2,0,0,0,0,0,0,0,0,43.64333,-110.64889,0.989992880357918
"KHF2",2017-06-13,0,0,0,0,0,0,0,0,1,0,0,0,0,43.64333,-110.64889,0.82491439388831
"KHF2",2017-06-15,0,0,0,0,0,1,0,0,0,0,0,0,0,43.64333,-110.64889,0.639052990554221
"KHF2",2017-06-17,0,0,0,0,0,0,0,0,1,1,0,0,0,43.64333,-110.64889,0.428389264746495
"KHF2",2017-06-18,0,0,1,0,0,0,0,0,0,0,0,0,0,43.64333,-110.64889,0.325509091521059
"KHF4",2017-05-09,0,0,0,0,0,0,0,0,1,0,0,0,0,43.67052,-110.62665,0.977626499659999
"KHF4",2017-05-14,0,0,0,0,0,0,0,0,0,1,0,0,0,43.67052,-110.62665,0.861189029209575
"KHF4",2017-05-15,0,0,0,0,0,0,0,0,0,1,0,0,0,43.67052,-110.62665,0.780033409579552
"KHF4",2017-05-21,0,0,0,0,0,0,0,0,0,3,0,0,0,43.67052,-110.62665,0.184769951324516
"KHF4",2017-05-28,0,0,0,0,0,1,0,0,0,0,0,0,0,43.67052,-110.62665,0.0875385254462095
"KHF4",2017-05-30,1,0,0,0,0,0,0,0,0,0,0,0,0,43.67052,-110.62665,0.24099260055849
"KHF4",2017-06-03,0,0,0,0,0,0,0,0,1,0,0,0,0,43.67052,-110.62665,0.650883917505359
"KHF4",2017-06-04,0,0,0,0,1,0,0,0,1,0,0,0,0,43.67052,-110.62665,0.74814282618666
"KHF4",2017-06-07,0,0,0,0,0,0,0,0,1,0,0,0,0,43.67052,-110.62665,0.95792528976494
"KHF4",2017-06-08,2,0,1,0,3,0,0,0,0,0,0,0,0,43.67052,-110.62665,0.989992880357918
"KHF4",2017-06-09,0,0,0,0,4,0,0,0,0,0,0,0,0,43.67052,-110.62665,0.999961793713208
"KHF4",2017-06-10,0,0,0,0,1,0,0,0,0,0,0,0,0,43.67052,-110.62665,0.987382431872407
"KHF4",2017-06-11,0,0,0,0,2,0,0,0,1,0,0,0,0,43.67052,-110.62665,0.952822124011736
"KHF4",2017-06-12,0,0,0,0,2,0,0,0,0,0,0,0,0,43.67052,-110.62665,0.897839539898226
"KHF4",2017-06-13,0,0,0,0,2,0,0,0,0,0,0,0,0,43.67052,-110.62665,0.82491439388831
"KHF4",2017-06-14,0,0,0,0,0,0,0,0,1,0,0,0,0,43.67052,-110.62665,0.737335609819135
"KHF4",2017-06-15,0,0,0,0,4,0,0,0,0,0,0,0,0,43.67052,-110.62665,0.639052990554221
"KHF4",2017-06-17,0,0,0,0,11,0,0,0,0,0,0,0,0,43.67052,-110.62665,0.428389264746495
"KHF4",2017-06-18,0,0,0,0,0,1,0,0,1,0,0,0,0,43.67052,-110.62665,0.325509091521059
"KHF5",2017-05-20,0,0,1,0,0,0,0,0,0,0,0,0,0,43.65355,-110.63289,0.27383458094973
"KHF5",2017-06-03,1,0,0,0,1,3,0,0,0,0,0,0,0,43.65355,-110.63289,0.650883917505359
"KHF5",2017-06-04,3,0,0,0,0,2,0,0,0,0,0,0,0,43.65355,-110.63289,0.74814282618666
"KHF5",2017-06-05,4,0,0,0,0,0,0,0,0,0,0,0,0,43.65355,-110.63289,0.83421049425087
"KHF5",2017-06-07,5,0,0,0,0,0,0,0,0,0,0,0,0,43.65355,-110.63289,0.95792528976494
"KHF5",2017-06-08,1,0,0,0,0,0,0,0,0,0,0,0,0,43.65355,-110.63289,0.989992880357918
"KHF5",2017-06-18,0,0,0,0,0,1,0,0,2,0,0,0,0,43.65355,-110.63289,0.325509091521059
"LCC1",2017-07-04,0,0,0,0,3,1,0,0,1,2,0,2,0,44.00614,-110.68872,0.790188314081712
"LCC1",2017-07-05,0,0,1,0,3,3,0,0,1,21,0,0,0,44.00614,-110.68872,0.869626292446113
"LCC1",2017-07-06,0,0,0,0,0,0,0,0,0,4,0,4,0,44.00614,-110.68872,0.932394126278284
"LCC1",2017-07-07,0,0,0,0,2,4,0,0,0,21,0,0,0,44.00614,-110.68872,0.975660986485839
"LCC1",2017-07-08,0,0,0,0,1,2,0,0,0,3,0,2,0,44.00614,-110.68872,0.997475537820637
"LCC1",2017-07-09,0,0,0,0,1,2,0,0,1,10,0,2,0,44.00614,-110.68872,0.996853944091626
"LCC1",2017-07-10,0,0,1,0,1,1,0,0,4,31,0,1,0,44.00614,-110.68872,0.973824239173899
"LCC1",2017-07-11,0,0,0,0,0,0,0,0,0,1,0,0,0,44.00614,-110.68872,0.929425062680882
"LCC1",2017-07-12,0,0,0,0,2,0,0,0,0,3,0,1,0,44.00614,-110.68872,0.865658817321422
"LCC1",2017-07-13,0,0,1,0,3,4,0,0,1,2,0,0,0,44.00614,-110.68872,0.785401360544435
"LCC1",2017-07-14,0,0,0,0,2,6,0,0,0,12,0,3,0,44.00614,-110.68872,0.692272303377476
"LCC1",2017-07-15,0,0,1,0,3,3,0,0,1,32,0,2,0,44.00614,-110.68872,0.590471765982105
"LCC1",2017-07-16,0,0,1,0,3,2,0,0,2,2,0,1,0,44.00614,-110.68872,0.484590952248723
"LCC1",2017-07-17,0,0,0,0,2,1,0,0,4,36,0,6,0,44.00614,-110.68872,0.37940508651643
"LCC1",2017-08-01,0,0,5,0,2,6,0,0,4,5,1,0,0,44.00614,-110.68872,0.64466636955933
"LCC1",2017-08-02,0,0,4,0,4,5,0,0,2,13,0,0,0,44.00614,-110.68872,0.742471678852519
"LCC1",2017-08-03,0,0,6,0,9,2,0,0,3,4,0,0,0,44.00614,-110.68872,0.829341516254186
"LCC1",2017-08-04,0,0,1,0,9,10,0,0,2,3,0,0,0,44.00614,-110.68872,0.901358052392871
"LCC1",2017-08-05,0,0,8,0,7,4,0,0,3,10,0,0,0,44.00614,-110.68872,0.955273341733609
"LCC1",2017-08-06,0,0,6,0,1,6,0,0,4,20,0,0,0,44.00614,-110.68872,0.988655804910587
"LCC1",2017-08-07,0,0,1,0,8,4,0,0,1,3,0,0,0,44.00614,-110.68872,0.999999892948004
"LCC1",2017-08-08,0,0,0,0,15,1,0,0,1,0,0,2,0,44.00614,-110.68872,0.98879398751397
"LCC1",2017-08-09,0,0,1,0,5,0,0,0,4,32,0,5,0,44.00614,-110.68872,0.955543474905433
"LCC1",2017-08-10,0,0,2,0,6,1,0,0,2,1,0,0,0,44.00614,-110.68872,0.901747953128005
"LCC1",2017-08-11,0,0,0,0,29,1,0,0,3,19,0,0,0,44.00614,-110.68872,0.829833600030802
"LCC1",2017-08-12,0,0,2,0,10,2,0,0,1,3,0,0,0,44.00614,-110.68872,0.743043752693965
"LCC1",2017-08-13,0,0,0,0,26,1,0,0,1,9,0,2,0,44.00614,-110.68872,0.645292632937301
"LCC1",2017-08-14,0,0,0,0,44,0,0,0,0,12,0,2,0,44.00614,-110.68872,0.540988815929224
"LEM1",2016-06-23,0,0,0,0,0,1,0,0,0,25,0,0,0,43.92962,-110.63933,0.872997488112241
"LEM1",2016-06-24,0,0,0,0,0,0,0,0,0,64,0,0,0,43.92962,-110.63933,0.794272903732221
"LEM1",2016-06-25,0,0,1,0,0,0,0,0,0,5,0,0,0,43.92962,-110.63933,0.702276612394634
"LEM1",2016-06-26,0,0,0,0,0,0,0,0,0,12,0,0,0,43.92962,-110.63933,0.601157646525986
"LEM1",2016-06-27,0,0,0,0,0,0,0,0,0,24,0,0,0,43.92962,-110.63933,0.495476471143139
"LEM1",2016-06-28,0,0,0,0,0,0,0,0,0,119,0,0,0,43.92962,-110.63933,0.389999306896266
"LEM1",2016-06-29,0,0,1,0,0,2,0,0,0,393,0,0,0,43.92962,-110.63933,0.28948317353426
"LEM1",2016-07-20,0,0,4,0,7,19,0,0,0,69,0,1,0,43.92962,-110.63933,0.990970121313541
"LEM1",2016-07-21,0,0,0,0,6,6,0,0,0,68,0,0,0,43.92962,-110.63933,0.959923264692495
"LEM1",2016-07-22,0,0,5,0,20,13,0,0,0,147,0,1,0,43.92962,-110.63933,0.908133870398004
"LEM1",2016-07-23,1,0,1,0,15,6,0,0,0,60,0,0,0,43.92962,-110.63933,0.837937639936682
"LEM1",2016-07-24,0,0,0,0,10,34,0,1,2,53,0,1,1,43.92962,-110.63933,0.752500423063482
"LEM1",2016-07-25,0,0,0,0,10,13,0,0,0,63,0,1,0,43.92962,-110.63933,0.65567543796895
"LEM1",2017-07-04,0,0,0,0,3,2,0,0,0,17,0,1,0,43.92962,-110.63933,0.790188314081712
"LEM1",2017-07-05,0,0,0,0,12,1,0,0,0,109,0,1,0,43.92962,-110.63933,0.869626292446113
"LEM1",2017-07-06,0,0,0,0,6,11,0,0,0,42,0,0,0,43.92962,-110.63933,0.932394126278284
"LEM1",2017-07-07,0,0,0,0,8,5,0,0,0,23,0,0,0,43.92962,-110.63933,0.975660986485839
"LEM1",2017-07-08,0,0,0,0,39,9,0,0,0,29,0,0,0,43.92962,-110.63933,0.997475537820637
"LEM1",2017-07-09,0,0,0,0,49,6,0,0,1,32,0,0,0,43.92962,-110.63933,0.996853944091626
"LEM1",2017-07-10,0,0,0,0,29,17,0,0,0,42,0,0,0,43.92962,-110.63933,0.973824239173899
"LEM1",2017-07-11,0,0,0,0,31,5,0,0,1,14,0,0,0,43.92962,-110.63933,0.929425062680882
"LEM1",2017-07-12,0,0,0,0,51,3,0,0,0,15,0,0,0,43.92962,-110.63933,0.865658817321422
"LEM1",2017-07-13,0,0,0,0,42,16,0,0,0,97,0,1,0,43.92962,-110.63933,0.785401360544435
"LEM1",2017-07-14,0,0,0,0,48,10,0,0,0,97,0,0,0,43.92962,-110.63933,0.692272303377476
"LEM1",2017-07-15,0,0,0,0,25,2,0,0,0,115,0,3,0,43.92962,-110.63933,0.590471765982105
"LEM1",2017-07-16,0,0,0,0,46,6,0,0,0,16,0,0,0,43.92962,-110.63933,0.484590952248723
"LEM1",2017-07-17,0,0,0,0,50,3,0,0,0,26,0,2,0,43.92962,-110.63933,0.37940508651643
"LEM1",2017-08-14,0,0,0,0,1,0,0,0,0,0,0,0,0,43.92962,-110.63933,0.540988815929224
"LEM1",2017-08-15,0,0,4,0,310,30,0,0,0,17,0,4,0,43.92962,-110.63933,0.43483640346214
"LEM1",2017-08-16,0,0,2,0,477,238,0,0,1,29,0,2,0,43.92962,-110.63933,0.331622868977378
"LEM1",2017-08-17,0,0,1,0,330,337,0,0,0,15,0,1,0,43.92962,-110.63933,0.236003142529002
"LEM1",2017-08-18,0,0,0,0,365,344,0,0,2,24,0,1,0,43.92962,-110.63933,0.152289673454721
"LEM1",2017-08-19,0,0,1,0,420,500,0,0,4,13,0,1,0,43.92962,-110.63933,0.0842579389251281
"LEM1",2017-08-20,0,0,1,0,431,45,0,0,2,29,0,0,0,43.92962,-110.63933,0.0349761699360197
"LEM1",2017-08-21,0,0,0,0,263,6,0,0,1,22,0,0,0,43.92962,-110.63933,0.00666697410126282
"LIL1",2017-07-05,0,0,4,0,7,10,1,0,13,48,0,4,0,43.79954,-110.72148,0.869626292446113
"LIL1",2017-07-06,0,0,2,1,3,8,0,1,13,28,0,3,0,43.79954,-110.72148,0.932394126278284
"LIL1",2017-07-07,0,0,1,0,3,7,0,0,11,11,1,1,0,43.79954,-110.72148,0.975660986485839
"LIL1",2017-07-08,0,0,4,1,2,13,0,0,25,34,0,4,0,43.79954,-110.72148,0.997475537820637
"LIL1",2017-07-09,0,0,2,0,1,12,0,0,19,117,1,3,0,43.79954,-110.72148,0.996853944091626
"LIL1",2017-07-10,0,0,5,0,4,7,0,1,26,57,0,2,0,43.79954,-110.72148,0.973824239173899
"LIL1",2017-07-11,0,0,3,0,2,13,0,0,13,25,0,1,0,43.79954,-110.72148,0.929425062680882
"LIL1",2017-07-12,0,0,0,0,1,12,0,0,11,21,0,0,0,43.79954,-110.72148,0.865658817321422
"LIL1",2017-07-13,0,0,4,1,0,11,0,1,10,21,0,7,0,43.79954,-110.72148,0.785401360544435
"LIL1",2017-07-14,0,0,3,0,2,6,0,0,9,6,0,4,0,43.79954,-110.72148,0.692272303377476
"LUP2",2016-05-03,0,0,0,0,0,2,0,0,0,0,0,0,0,43.744003,-110.72917,0.116825449238939
"LUP2",2016-05-12,0,0,0,0,0,0,0,0,1,0,0,0,0,43.744003,-110.72917,0.326891578344028
"LUP2",2016-05-13,0,0,0,0,0,1,0,0,1,0,0,0,0,43.744003,-110.72917,0.429848801816415
"LUP2",2016-05-14,0,0,0,0,0,0,0,0,6,0,0,0,0,43.744003,-110.72917,0.535969844088299
"LUP2",2016-05-15,0,0,0,0,0,0,0,0,0,0,0,1,0,43.744003,-110.72917,0.640468646514048
"LUP2",2016-05-17,0,0,0,0,0,1,0,0,4,0,0,0,0,43.744003,-110.72917,0.826033663880161
"LUP2",2016-05-18,0,0,0,0,0,0,0,0,4,1,0,0,0,43.744003,-110.72917,0.898730897168272
"LUP3",2016-06-10,0,0,0,0,1,4,0,0,6,32,0,2,0,43.74711,-110.73008,0.275150531501025
"LUP3",2016-06-11,0,0,0,0,0,0,0,0,1,50,0,0,1,43.74711,-110.73008,0.374525969910421
"LUP3",2016-06-12,0,0,0,0,1,0,0,0,4,43,0,0,0,43.74711,-110.73008,0.479560286650124
"LUP3",2016-06-13,0,0,0,0,0,0,0,0,1,31,0,1,0,43.74711,-110.73008,0.585516434392303
"LUP3",2016-06-14,0,0,0,0,1,0,0,0,4,47,0,0,0,43.74711,-110.73008,0.687615791234318
"LUP3",2016-06-15,1,0,0,0,2,6,0,0,6,30,0,1,0,43.74711,-110.73008,0.781253676529741
"LUP3",2016-06-16,0,0,1,0,2,0,0,0,7,56,0,0,0,43.74711,-110.73008,0.862207021970148
"LUP3",2016-06-17,0,0,0,0,5,1,0,0,1,60,0,3,0,43.74711,-110.73008,0.926824831951632
"LUP3",2016-06-18,0,0,0,0,2,0,0,1,1,73,0,1,0,43.74711,-110.73008,0.972192843463688
"LUP3",2016-06-19,0,0,0,0,4,1,0,0,0,69,0,0,0,43.74711,-110.73008,0.996264959341494
"LUP3",2016-06-20,0,0,0,0,5,0,0,0,1,91,0,0,0,43.74711,-110.73008,0.997955527240783
"LUP3",2016-06-21,0,0,0,0,3,5,0,1,9,65,0,5,0,43.74711,-110.73008,0.977188302555073
"LUP3",2016-06-22,0,0,1,0,7,0,0,0,4,93,0,1,0,43.74711,-110.73008,0.934899887047026
"LUP3",2016-06-23,0,0,0,0,6,2,0,0,5,94,0,2,0,43.74711,-110.73008,0.872997488112241
"LUP3",2016-06-24,0,0,0,0,9,5,0,0,3,44,0,0,0,43.74711,-110.73008,0.794272903732221
"LUP3",2016-06-25,0,0,1,0,1,0,0,0,3,73,0,2,0,43.74711,-110.73008,0.702276612394634
"LUP3",2016-06-26,0,0,0,0,3,0,1,0,5,98,0,2,0,43.74711,-110.73008,0.601157646525986
"LUP3",2016-06-27,0,0,0,0,4,0,0,0,6,83,0,2,0,43.74711,-110.73008,0.495476471143139
"LUP3",2016-06-28,0,0,0,0,2,1,0,0,7,79,0,4,0,43.74711,-110.73008,0.389999306896266
"LUP3",2016-06-29,0,0,0,0,13,0,0,0,7,47,0,1,0,43.74711,-110.73008,0.28948317353426
"LUP3",2016-06-30,0,0,0,0,3,3,0,0,9,40,0,5,0,43.74711,-110.73008,0.198461348329969
"LUP3",2016-07-01,0,0,0,0,13,1,0,0,8,64,0,3,0,43.74711,-110.73008,0.121038915290391
"LUP3",2016-07-02,0,0,4,0,5,1,0,0,15,63,0,6,0,43.74711,-110.73008,0.0607076258823784
"LUP3",2016-07-03,0,0,0,0,13,4,0,0,7,28,0,1,0,43.74711,-110.73008,0.0201884210530741
"LUP3",2016-07-04,0,0,1,0,8,1,0,0,8,32,0,1,0,43.74711,-110.73008,0.00130871680240668
"LUP3",2016-07-05,0,0,0,0,2,0,0,0,1,20,0,0,0,43.74711,-110.73008,0.00491998772790214
"LUP3",2016-07-06,0,0,0,0,4,0,0,0,14,34,0,0,1,43.74711,-110.73008,0.0308593655231085
"LUP3",2016-07-07,0,0,0,0,1,2,0,0,2,55,0,0,0,43.74711,-110.73008,0.0779569843376876
"LUP3",2016-07-08,0,0,0,0,2,1,0,0,6,124,0,2,0,43.74711,-110.73008,0.144088741723217
"LUP3",2016-07-09,0,0,0,0,4,5,0,0,13,170,0,2,0,43.74711,-110.73008,0.226272095646632
"LUP3",2016-07-10,0,0,0,0,0,0,0,0,0,8,0,0,0,43.74711,-110.73008,0.320800577125442
"LUP3",2016-07-11,0,0,0,0,1,0,0,0,0,51,0,0,0,43.74711,-110.73008,0.423410951966355
"LUP3",2016-07-12,0,0,0,0,2,2,0,0,5,85,0,4,0,43.74711,-110.73008,0.52947549261319
"LUP3",2016-07-13,0,0,0,0,0,1,0,0,2,144,0,0,1,43.74711,-110.73008,0.634210688643416
"LUP3",2016-07-14,0,0,0,0,0,1,0,0,1,167,0,1,0,43.74711,-110.73008,0.732892983072193
"LUP3",2017-06-21,0,0,3,0,0,2,0,1,17,37,0,5,0,43.74711,-110.73008,0.0806775564225262
"LUP3",2017-06-22,0,0,1,0,1,2,0,0,18,30,0,2,1,43.74711,-110.73008,0.0326242111538096
"LUP3",2017-06-23,0,0,7,0,0,1,0,1,2,24,0,2,0,43.74711,-110.73008,0.00564951237253664
"LUP3",2017-06-24,0,0,0,0,2,7,0,0,9,13,0,2,0,43.74711,-110.73008,0.000970018901957415
"LUP3",2017-06-25,0,0,2,0,3,0,1,0,12,18,0,4,0,43.74711,-110.73008,0.0187967758817119
"LUP3",2017-06-26,0,0,3,0,0,5,0,0,8,38,0,3,0,43.74711,-110.73008,0.0583257966325996
"LUP3",2017-06-27,0,0,0,0,1,1,0,0,8,28,0,2,1,43.74711,-110.73008,0.117774322453259
"LUP3",2017-06-28,0,0,0,0,1,0,0,0,7,17,0,0,0,43.74711,-110.73008,0.194461225031336
"LUP3",2017-06-29,0,0,0,0,2,0,0,0,0,11,0,1,0,43.74711,-110.73008,0.284927925321291
"LUP3",2017-06-30,0,0,2,0,0,4,1,0,5,20,0,2,1,43.74711,-110.73008,0.385094375447871
"LUP3",2017-07-01,0,0,0,0,7,1,0,0,6,43,0,7,0,43.74711,-110.73008,0.490443068850961
"LUP3",2017-07-02,0,0,0,0,2,1,0,0,3,17,0,1,0,43.74711,-110.73008,0.596222779816282
"LUP3",2017-07-03,0,0,2,0,6,0,0,0,15,29,1,4,0,43.74711,-110.73008,0.69766284373923
"LUP3",2017-07-04,0,0,0,0,5,3,0,0,4,30,0,3,1,43.74711,-110.73008,0.790188314081712
"LUP3",2017-07-19,0,0,1,0,2,1,0,0,5,20,0,1,0,43.74711,-110.73008,0.189848436579632
"LUP3",2017-07-20,0,0,0,2,13,6,0,2,6,18,0,1,0,43.74711,-110.73008,0.11402665664252
"LUP3",2017-07-21,0,0,2,0,2,5,0,0,5,24,1,1,0,43.74711,-110.73008,0.0556122731781855
"LUP3",2017-07-22,0,0,2,0,6,3,0,0,7,22,0,2,0,43.74711,-110.73008,0.017239774682107
"LUP3",2017-07-23,0,0,1,0,25,0,0,0,13,29,0,1,0,43.74711,-110.73008,0.000639760706010573
"LUP3",2017-07-24,0,0,2,0,12,1,0,0,12,38,0,1,0,43.74711,-110.73008,0.00656089182374736
"LUP3",2017-07-25,0,0,2,2,14,6,0,0,9,46,0,1,0,43.74711,-110.73008,0.034736125042055
"LUP3",2017-07-26,0,0,0,2,9,4,0,0,14,30,0,1,0,43.74711,-110.73008,0.0838947574386156
"LUP3",2017-07-27,0,0,20,0,2,6,0,0,9,19,0,2,0,43.74711,-110.73008,0.151819734859467
"LUP3",2017-07-28,0,0,3,2,6,2,0,0,12,24,0,0,0,43.74711,-110.73008,0.235447641054055
"LUP3",2017-07-29,0,0,0,0,6,2,0,0,10,35,0,3,0,43.74711,-110.73008,0.331006857737369
"LUP3",2017-07-30,0,0,2,0,9,2,0,0,13,34,0,1,0,43.74711,-110.73008,0.434187664561897
"LUP3",2017-07-31,0,0,4,0,12,3,0,0,14,58,0,1,0,43.74711,-110.73008,0.540336607490942
"LUP3",2017-08-01,0,0,2,0,12,0,0,0,13,54,0,0,0,43.74711,-110.73008,0.64466636955933
"MCBL",2017-07-07,0,0,0,3,1,0,0,0,0,0,0,0,0,43.58701,-110.7346,0.975660986485839
"MCBL",2017-07-08,0,0,1,24,0,0,0,0,0,3,0,0,0,43.58701,-110.7346,0.997475537820637
"MCBL",2017-07-09,0,0,0,136,4,3,0,0,0,0,0,0,0,43.58701,-110.7346,0.996853944091626
"MCBL",2017-07-10,0,0,0,8,3,0,0,0,0,0,0,1,0,43.58701,-110.7346,0.973824239173899
"MCBL",2017-07-11,0,0,0,0,2,0,0,0,0,1,0,0,0,43.58701,-110.7346,0.929425062680882
"MCBL",2017-07-12,0,0,0,0,4,0,0,0,0,1,0,0,0,43.58701,-110.7346,0.865658817321422
"MCBL",2017-07-13,0,0,0,0,3,0,0,0,2,0,0,1,0,43.58701,-110.7346,0.785401360544435
"MFD1",2017-06-22,0,0,1,0,0,0,0,0,0,0,0,0,0,43.8426,-110.50793,0.0326242111538096
"MFD1",2017-06-23,0,0,0,0,1,0,0,0,0,0,0,0,0,43.8426,-110.50793,0.00564951237253664
"WGR1",2017-07-21,0,0,3,0,3,30,0,0,0,3,0,0,0,43.6523,-110.7716,0.0556122731781855
"WGR1",2017-07-22,0,0,4,0,7,5,0,0,4,8,0,2,0,43.6523,-110.7716,0.017239774682107
"WGR1",2017-07-23,0,0,3,0,12,42,0,0,2,4,0,0,0,43.6523,-110.7716,0.000639760706010573
"WGR1",2017-07-24,0,0,22,0,4,37,0,0,1,11,0,0,0,43.6523,-110.7716,0.00656089182374736
"WGR1",2017-07-25,0,0,3,3,3,10,0,0,2,4,0,1,0,43.6523,-110.7716,0.034736125042055
"WGR1",2017-07-26,0,0,21,0,6,37,0,0,3,8,0,1,0,43.6523,-110.7716,0.0838947574386156
"WGR1",2017-07-27,0,0,3,0,3,21,0,0,3,3,0,0,0,43.6523,-110.7716,0.151819734859467
"WGR1",2017-07-28,0,0,20,0,6,15,0,0,9,7,0,0,0,43.6523,-110.7716,0.235447641054055
"WGR1",2017-07-29,0,0,11,9,6,29,0,0,2,2,0,0,0,43.6523,-110.7716,0.331006857737369
"WGR1",2017-07-30,0,0,5,0,1,23,0,0,2,6,0,0,0,43.6523,-110.7716,0.434187664561897
"WGR1",2017-07-31,0,0,5,0,0,43,0,0,1,0,0,1,0,43.6523,-110.7716,0.540336607490942
"WGR1",2017-08-01,0,0,1,0,5,14,0,0,5,11,0,0,0,43.6523,-110.7716,0.64466636955933
"WGR1",2017-08-02,0,0,2,0,3,11,0,0,3,5,0,1,0,43.6523,-110.7716,0.742471678852519
"WGR1",2017-08-03,0,0,5,0,5,17,0,0,4,0,0,0,0,43.6523,-110.7716,0.829341516254186
